initial_rank,pdb_id,release_date,title,resolution,r_free,protein_entity_count,protein_chain_count,protein_chains,reported_mutations,nonpolymer_components,candidate_count,candidate_ligands,target_ccd,target_name,target_formula,target_molecular_weight,target_heavy_atoms,covalent_components,cofactors,metals,excluded_nonpolymers,decision,decision_reasons,target_signature,diversity_decision,diversity_reason,target_instance_number
9,31WA,2026-08-05,Crystal structure of the HPK1 kinase domain in complex with inhibitor 5b,1.42,0.226,1,1,A,,A1KCT;EDO;HOH,1,A1KCT,A1KCT,"2-methoxy-3-(3-methylimidazo[4,5-c]pyridin-7-yl)-8-(4-morpholin-4-ylphenyl)-1,6-naphthyridin-5-amine",C26 H25 N7 O2,467.522,35,,,,EDO;HOH,INCLUDE,,UNIPROT:Q92918,SELECT,,1
10,31WB,2026-08-05,Crystal structure of the HPK1 kinase domain in complex with inhibitor 6b,1.31,0.214,1,1,A,,A1KCQ;EDO;HOH,1,A1KCQ,A1KCQ,"3-methyl-2-(3-methylimidazo[4,5-c]pyridin-7-yl)-6-(4-morpholin-4-ylphenyl)imidazo[1,2-a]pyridine-8-carboxamide",C26 H25 N7 O2,467.522,35,,,,EDO;HOH,INCLUDE,,UNIPROT:Q92918,SELECT,,2
12,32PP,2026-08-05,CRYSTAL STRUCTURE OF BRD4 BD1 IN COMPLEX WITH Compound 9,1.44,0.237,1,1,A,,A1KEP;EDO;HOH,1,A1KEP,A1KEP,"~{N},3,8-trimethyl-~{N}-(pyridin-2-ylmethyl)-[1,2,4]triazolo[4,3-b]pyridazin-6-amine",C14 H16 N6,268.317,20,,,,EDO;HOH,INCLUDE,,UNIPROT:O60885,SELECT,,1
13,32RX,2026-08-05,CRYSTAL STRUCTURE OF BRD4-BD1 IN COMPLEX WITH compound 11,1.81,0.2071,1,1,A,,A1KEV;HOH,1,A1KEV,A1KEV,3-methylcinnolin-5-amine,C9 H9 N3,159.188,12,,,,HOH,INCLUDE,,UNIPROT:O60885,SELECT,,2
19,35WF,2026-08-05,Crystal structure of CHK1 in complex with prexasertib,1.68,0.2043,1,1,A,,A1DNH;PEG;GOL;EOH;EDO;HOH,1,A1DNH,A1DNH,prexasertib,C18 H19 N7 O2,365.389,27,,,,PEG;GOL;EOH;EDO;HOH,INCLUDE,,UNIPROT:O14757,SELECT,,1
20,35WG,2026-08-05,Crystal structure of CHK1 in complex with BBI-355,1.97,0.2068,1,1,A,,A1DNI;EDO;HOH,1,A1DNI,A1DNI,"5-{[(5M)-5-(4-{[(1R,3S)-3-aminocyclopentyl]oxy}-2-methoxy-6-methylpyridin-3-yl)-1H-pyrazol-3-yl]amino}pyrazine-2-carbonitrile",C20 H22 N8 O2,406.441,30,,,,EDO;HOH,INCLUDE,,UNIPROT:O14757,SELECT,,2
25,9PSQ,2026-08-05,Co-crystal structure of BAF60A (SMARCD1) bound to PPSC-001,2.31,0.25757,1,1,A,,A1CLC;HOH,1,A1CLC,A1CLC,"(4M)-4-(3-bromophenyl)-2-methyl-N-(6-methylpyridin-2-yl)-5-oxo-5,6,7,8-tetrahydroquinoline-3-carboxamide",C23 H20 Br N3 O2,450.328,29,,,,HOH,INCLUDE,,UNIPROT:Q96GM5,SELECT,,1
41,9YBS,2026-08-05,ARID1B ARID bound to compound A-1 (5-(hex-1-yn-1-yl)pyridine-3-carboxylic acid),1.49,0.2023,1,1,A,,A1CT6;HOH,1,A1CT6,A1CT6,5-(hex-1-yn-1-yl)pyridine-3-carboxylic acid,C12 H13 N O2,203.237,15,,,,HOH,INCLUDE,,UNIPROT:Q8NFD5,SELECT,,1
42,9YBT,2026-08-05,ARID1B ARID bound to compound A-2 (5-(hex-1-yn-1-yl)-3-methylpyridin-2(1H)-one),1.44,0.1799,1,1,A,,A1CT7;HOH,1,A1CT7,A1CT7,5-(hex-1-yn-1-yl)-3-methylpyridin-2(1H)-one,C12 H15 N O,189.254,14,,,,HOH,INCLUDE,,UNIPROT:Q8NFD5,SELECT,,2
48,24KK,2026-07-29,Crystal structure of the second bromodomain (BD2) of human BRD2 in complex with Mefanamic acid,1.2,0.195,1,1,A,,ID8;HOH,1,ID8,ID8,"2-[(2,3-DIMETHYLPHENYL)AMINO]BENZOIC ACID",C15 H15 N O2,241.285,18,,,,HOH,INCLUDE,,UNIPROT:P25440,SELECT,,1
50,24KN,2026-07-29,Crystal structure of the second bromodomain (BD2) of human BRD2 in complex with Nimesulide,1.69,0.2089,1,1,A,,NIM;HOH,1,NIM,NIM,4-NITRO-2-PHENOXYMETHANESULFONANILIDE,C13 H12 N2 O5 S,308.31,21,,,,HOH,INCLUDE,,UNIPROT:P25440,SELECT,,2
53,31HP,2026-07-29,Crystal structure of tau tubulin kinase 2 (TTBK2) in complex with compound 62,1.5,0.186964775621,1,1,A,,A1J95;EDO;HOH,1,A1J95,A1J95,"~{N}-[4-(furan-2-yl)phenyl]-7~{H}-pyrrolo[2,3-d]pyrimidin-4-amine",C16 H12 N4 O,276.293,21,,,,EDO;HOH,INCLUDE,,UNIPROT:Q6IQ55,SELECT,,1
54,32QL,2026-07-29,Human TRIM21 PRYSPRY domain in complex with HGC6525,1.4,0.19696,1,1,A,,EDO;A1KED;HOH,1,A1KED,A1KED,~{N}-(cyclohexylmethyl)-4-(4-fluoranyl-2-methylsulfanyl-phenyl)-~{N}-methyl-2-methylsulfonyl-benzamide,C23 H28 F N O3 S2,449.602,30,,,,EDO;HOH,INCLUDE,,UNIPROT:P19474,SELECT,,1
55,32QM,2026-07-29,Human TRIM21 PRYSPRY domain in complex with compound 5 (Z31),1.5,0.19636,1,1,A,,EDO;A1KEE;HOH,1,A1KEE,A1KEE,~{N}-[(1~{R})-1-cyclohexylethyl]-4-(4-fluoranyl-2-methylsulfanyl-phenyl)-~{N}-methyl-2-methylsulfonyl-benzamide,C24 H30 F N O3 S2,463.628,31,,,,EDO;HOH,INCLUDE,,UNIPROT:P19474,SELECT,,2
62,32RM,2026-07-29,Crystal structure of the human SPRY domain-containing SOCS box protein SPSB4 - Apo,1.55,0.2115,1,1,A,,FLC;CL;HOH,1,FLC,FLC,CITRATE ANION,C6 H5 O7 -3,189.1,13,,,,CL;HOH,INCLUDE,,UNIPROT:Q96A44,SELECT,,1
69,9RZO,2026-07-29,Recombinant human butyrylcholinesterase in complex with 3-(1H-indol-3-yl)-N-methyl-N-phenethylpropan-1-amine,2.5,0.2124,1,1,A,,MES;SO4;GOL;NAG;SIA;A1JKA;HOH,1,A1JKA,A1JKA,3-(1~{H}-indol-3-yl)-~{N}-methyl-~{N}-(2-phenylethyl)propan-1-amine,C20 H24 N2,292.418,22,ASN;FUC;NAG,,,MES;SO4;GOL;NAG;SIA;HOH,INCLUDE,,UNIPROT:P06276,SELECT,,1
70,9RZP,2026-07-29,"Recombinant human butyrylcholinesterase in complex with 2-(3-(1H-indol-3-yl)propyl)-1,2,3,4-tetrahydroisoquinoline",2.39,0.2541,1,1,A,,NAG;GOL;A1JJ9;PPI;SO4;HOH,1,A1JJ9,A1JJ9,"2-[3-(1~{H}-indol-3-yl)propyl]-3,4-dihydro-1~{H}-isoquinoline",C20 H22 N2,290.402,22,ASN;FUC;NAG,,,NAG;GOL;PPI:heavy_atoms_5;SO4;HOH,INCLUDE,,UNIPROT:P06276,SELECT,,2
77,9VZG,2026-07-29,Harnessing Noncovalent Dimerization Enables an Orally Active STING Agonist for Respiratory Syncytial Virus Therapy,1.74,0.2356,1,1,A,,A1EUO;HOH,1,A1EUO,A1EUO,"(1~{R},2~{S})-2-[(3-fluoranyl-5,6-dimethoxy-1-benzoselenophen-2-yl)carbonyl]cyclobutane-1-carboxylic acid",C16 H15 F O5 Se,385.246,23,,,,HOH,INCLUDE,,UNIPROT:Q86WV6,SELECT,,1
114,10FV,2026-07-15,Crystal Structure of Human Fgr SH3-SH2-High Affinity Linker Mutant 2 (HAL2) Domains.,1.8,0.2331,1,1,A,,SO4;GOL;FLC;HOH,1,FLC,FLC,CITRATE ANION,C6 H5 O7 -3,189.1,13,CME;GLY;ILE,,,SO4;GOL;HOH,INCLUDE,,UNIPROT:P09769,SELECT,,1
116,10MN,2026-07-15,Crystal structure of human OGG1 (WT) in a product bound state in the presence of the agonist F51,2.1,0.2507,1,1,A,,A1C6R;A1C6S;HOH,1,A1C6R,A1C6R,"1-[(2S)-2-(benzyloxy)-2-(2,4-dichlorophenyl)ethyl]-1H-imidazole",C18 H16 Cl2 N2 O,347.238,23,A1C6T;DC,,,A1C6S:heavy_atoms_7;HOH,INCLUDE,,UNIPROT:O15527,SELECT,,1
119,9HVS,2026-07-15,Orotidine 5'-monophosphate decarboxylase-domain of human UMPS in complex with 6-Ethyl UMP,1.3,0.1685,1,1,A,,UEP;SO4;PRO;HOH,1,UEP,UEP,6-ethyluridine 5'-phosphate,C11 H17 N2 O9 P,352.234,23,,,,SO4;PRO:heavy_atoms_8;HOH,INCLUDE,,UNIPROT:P11172,SELECT,,1
120,9HVT,2026-07-15,Orotidine 5'-monophosphate decarboxylase-domain of human UMPS in complex with 6-isopropyl-UMP,1.3,0.17298,1,1,A,,A1IXW;SO4;PRO;HOH,1,A1IXW,A1IXW,"[(2~{R},3~{S},4~{R},5~{R})-5-[2,4-bis(oxidanylidene)-6-propan-2-yl-pyrimidin-1-yl]-3,4-bis(oxidanyl)oxolan-2-yl]methyl dihydrogen phosphate",C12 H19 N2 O9 P,366.261,24,CSS;HIS;LYS,,,SO4;PRO:heavy_atoms_8;HOH,INCLUDE,,UNIPROT:P11172,SELECT,,2
143,9TF9,2026-07-15,PDGFRA-G680R mutant kinase domain in complex with avapritinib,2.2,0.2398,1,1,A,,9JI;HOH,1,9JI,9JI,Avapritinib,C26 H27 F N10,498.558,37,,,,HOH,INCLUDE,,UNIPROT:P16234,SELECT,,1
144,9TFB,2026-07-15,"PDGFRA-G680R mutant kinase domain in complex with a 6,7-bis(2-methoxyethoxy)quinazoline-based compound (44)",2.0,0.2169,1,1,A,,A1JVS;HOH,1,A1JVS,A1JVS,"(1~{S})-1-[2-[4-[6,7-bis(2-methoxyethoxy)quinazolin-4-yl]piperazin-1-yl]pyrimidin-5-yl]-1-(4-fluorophenyl)ethanamine",C30 H36 F N7 O4,577.65,42,,,,HOH,INCLUDE,,UNIPROT:P16234,SELECT,,2
160,9Y57,2026-07-15,Co-crystal structure of BTK kinase domain with non-covalent inhibitor,1.4,0.1724,1,1,A,,IMD;A1CSJ;HOH,1,A1CSJ,A1CSJ,1-{4-[(5-fluoro-2-methoxybenzamido)methyl]phenyl}-4-({6-[(1S)-1-hydroxyethyl]-5-[(2S)-2-methyl-4-(oxetan-3-yl)piperazin-1-yl]pyridin-2-yl}amino)-1H-pyrazole-5-carboxamide,C34 H39 F N8 O5,658.722,48,,,,IMD:heavy_atoms_5;HOH,INCLUDE,,UNIPROT:Q06187,SELECT,,1
161,9Y5A,2026-07-15,Co-crystal structure of BTK kinase domain with non-covalent inhibitor,1.7,0.1752,1,1,A,,IMD;PG4;A1CSK;EDO;HOH,1,A1CSK,A1CSK,1-{4-[(5-fluoro-2-methoxybenzamido)methyl]phenyl}-4-({5-[(2S)-2-methyl-4-(oxetan-3-yl)piperazin-1-yl]pyridin-2-yl}amino)-1H-pyrazole-5-carboxamide,C32 H35 F N8 O4,614.67,45,,,,IMD:heavy_atoms_5;PG4;EDO;HOH,INCLUDE,,UNIPROT:Q06187,SELECT,,2
164,9Y60,2026-07-15,"Crystal structure of NSD2 PWWP1 domain in complex with (6R)-6-(3,5-dichlorophenyl)morpholin-3-one (ligand 2)",2.023,0.2725,1,1,A,,A1CSP;HOH,1,A1CSP,A1CSP,"(6R)-6-(3,5-dichlorophenyl)morpholin-3-one",C10 H9 Cl2 N O2,246.09,15,,,,HOH,INCLUDE,,UNIPROT:O96028,SELECT,,1
183,9RQW,2026-07-08,Galectin-3 with a bound inhibitor,1.344,0.2178,1,1,A,,A1JIH;SCN;HOH,1,A1JIH,A1JIH,"(2~{R},3~{R},4~{S},5~{R},6~{S})-2-(hydroxymethyl)-6-(2-methoxyethylsulfanyl)-4-[4-[3,4,5-tris(fluoranyl)phenyl]-1,2,3-triazol-1-yl]oxane-3,5-diol",C17 H20 F3 N3 O5 S,435.418,29,,,,SCN;HOH,INCLUDE,,UNIPROT:P17931,SELECT,,1
184,9RQX,2026-07-08,Galectin-3 with a bound inhibitor,1.398,0.2028,1,1,A,,A1JII;SCN;HOH,1,A1JII,A1JII,"~{N}-ethyl-2-[(2~{S},3~{R},4~{S},5~{R},6~{R})-6-(hydroxymethyl)-3,5-bis(oxidanyl)-4-[4-[3,4,5-tris(fluoranyl)phenyl]-1,2,3-triazol-1-yl]oxan-2-yl]sulfanyl-~{N}-methyl-ethanamide",C19 H23 F3 N4 O5 S,476.47,32,,,,SCN;HOH,INCLUDE,,UNIPROT:P17931,SELECT,,2
231,9PPL,2026-07-01,Structure of STING in complex with MK-2118,2.01,0.1857,1,1,A,,A1CIY;HOH,1,A1CIY,A1CIY,"(2S)-4-(5,6-dimethoxy-1-benzothiophen-2-yl)-2-methyl-4-oxobutanoic acid",C15 H16 O5 S,308.35,21,,,,HOH,INCLUDE,,UNIPROT:Q86WV6,SELECT,,2
241,24WC,2026-06-24,Crystal structure of Haspin (GSG2) with an ATP-mimicking inhibitor LJ-5242,1.88,0.2071,1,1,A,,A1MFT;HOH,1,A1MFT,A1MFT,"4-azanyl-7-[(2~{R},3~{R},4~{S},5~{R})-3,4-bis(oxidanyl)-5-[(sulfamoylamino)methyl]thiolan-2-yl]-5-ethynyl-pyrrolo[2,3-d]pyrimidine",C13 H16 N6 O4 S2,384.434,25,,,,HOH,INCLUDE,,UNIPROT:Q8TF76,SELECT,,1
309,9HM1,2026-06-17,Crystal structure of GSK3b in complex with N-(4-{5-[(2-aminoethyl)sulfamoyl]thiophen-2-yl}pyridin-2-yl)cyclopropanecarboxamide inhibitor,2.45,0.2628,1,1,A,,A1IV9;HOH,1,A1IV9,A1IV9,N-(4-{5-[(2-aminoethyl)sulfamoyl]thiophen-2-yl}pyridin-2-yl)cyclopropanecarboxamide,C15 H18 N4 O3 S2,366.458,24,ILE;PTR;SER,,,HOH,INCLUDE,,UNIPROT:P49841,SELECT,,1
336,13LV,2026-06-10,Structure of PKMYT1 bound to allosteric inhibitor P29-(S),2.22,0.2691,1,1,A,,A1DG4;HOH,1,A1DG4,A1DG4,"(4S)-1-cyclopentyl-4-(4-hydroxyphenyl)-1,4,5,7-tetrahydro-6H-pyrazolo[3,4-b]pyridin-6-one",C17 H19 N3 O2,297.352,22,,,,HOH,INCLUDE,,UNIPROT:Q99640,SELECT,,1
337,13LX,2026-06-10,Structure of PKMYT1 bound to inhibitor P32-(R),2.2,0.2796,1,1,A,,A1DG5;HOH,1,A1DG5,A1DG5,"(4R)-1-cyclopentyl-4-(3-hydroxyphenyl)-1,4,5,7-tetrahydro-6H-pyrazolo[3,4-b]pyridin-6-one",C17 H19 N3 O2,297.352,22,,,,HOH,INCLUDE,,UNIPROT:Q99640,SELECT,,2
429,9SUV,2026-05-27,Structure of an inhibitor of Human TGF-beta Type I Receptor,1.5,0.211,1,1,A,,A1JQO;GOL;HOH,1,A1JQO,A1JQO,~{N}-[4-[[6-(5-chloranyl-2-fluoranyl-phenyl)-3-(2-hydroxyethylsulfanyl)pyridazin-4-yl]amino]pyridin-2-yl]-3-(4-methylpiperazin-1-yl)propanamide,C25 H29 Cl F N7 O2 S,546.06,37,,,,GOL;HOH,INCLUDE,,UNIPROT:P36897,SELECT,,1
440,9VZS,2026-05-27,X-ray structure of human PPARalpha ligand binding domain-10-hydroxystearic acid (10-HSA) co-crystals obtained by cross-seeding,1.455,0.2012,1,1,A,,GOL;WAD;HOH,1,WAD,WAD,(10R)-10-hydroxyoctadecanoic acid,C18 H36 O3,300.477,21,,,,GOL;HOH,INCLUDE,,UNIPROT:Q07869,SELECT,,1
441,9VZT,2026-05-27,X-ray structure of human PPARalpha ligand binding domain-10-oxostearic acid (10-oxoSA) co-crystals obtained by cross-seeding,1.475,0.2019,1,1,A,,GOL;KTC;HOH,1,KTC,KTC,10-oxooctadecanoic acid,C18 H34 O3,298.461,21,,,,GOL;HOH,INCLUDE,,UNIPROT:Q07869,SELECT,,2
444,9ZME,2026-05-27,Structure of PTP1b complexed with difluoromethylphosphonate inhibitor Compound 2,1.73,0.2029,1,1,A,,A1C3A;HOH,1,A1C3A,A1C3A,{[3-bromo-7-(3-hydroxy-3-methylbutoxy)naphthalen-2-yl]di(fluoro)methyl}phosphonic acid,C16 H18 Br F2 O5 P,439.186,25,,,,HOH,INCLUDE,,UNIPROT:P18031,SELECT,,1
445,9ZMG,2026-05-27,Structure of PTP1b complexed with difluoromethylphosphonate inhibitor Compound 15,2.15,0.2537,1,1,A,,A1C3C;DMS;HOH,1,A1C3C,A1C3C,[(3-bromo-5-{[(pyridazin-3-yl)methyl]carbamoyl}-1-benzothiophen-2-yl)di(fluoro)methyl]phosphonic acid,C15 H11 Br F2 N3 O4 P S,478.205,27,,,,DMS;HOH,INCLUDE,,UNIPROT:P18031,SELECT,,2
594,9SZN,2026-05-20,Crystal structure of the catalytic domain of USP7 in complex with Compound 43,1.99,0.2263,1,1,A,,A1JSJ;HOH,1,A1JSJ,A1JSJ,"3-((7-(3-((S)-3-aminopyrrolidine-1-carbonyl)-4-methyl-6-(trifluoromethyl)pyridin-2-yl)thieno[3,2-b]pyridin-2-yl)methyl)-6,6-dimethyl-3-azabicyclo[3.1.0]hexane-2,4-dione",C27 H26 F3 N5 O3 S,557.587,39,CSO;GLN;LYS;THR;TRP;TYR;VAL,,,HOH,INCLUDE,,UNIPROT:Q93009,SELECT,,1
599,9T9E,2026-05-20,Crystal structure of human CHD1 tandem chromodomain in complex with the ethoxyquinoline-based inhibitor 2b,1.7,0.2208,1,1,A,,A1JUQ;DMS;HOH,1,A1JUQ,A1JUQ,"~{N}2-[3-(dimethylamino)propyl]-7-ethoxy-~{N}4-[1-(phenylmethyl)piperidin-4-yl]quinoline-2,4-diamine",C28 H39 N5 O,461.642,34,,,,DMS;HOH,INCLUDE,,UNIPROT:O14646,SELECT,,1
600,9T9F,2026-05-20,Crystal structure of human CHD1 tandem chromodomain in complex with the ethoxyquinoline-based inhibitor 2l,1.35,0.2078,1,1,A,,EDO;A1JUR;DMS;HOH,1,A1JUR,A1JUR,2-[4-(dimethylamino)piperidin-1-yl]-7-ethoxy-~{N}-[1-(phenylmethyl)piperidin-4-yl]quinolin-4-amine,C30 H41 N5 O,487.679,36,,,,EDO;DMS;HOH,INCLUDE,,UNIPROT:O14646,SELECT,,2
620,9SQ2,2026-05-13,H/D exchanged human SMUG1 in complex with deuterated uracil,1.54,0.179,1,1,A,,URA;BCN;HOH,1,BCN,BCN,BICINE,C6 H13 N O4,163.172,11,,,,URA:heavy_atoms_8;HOH,INCLUDE,,UNIPROT:Q53HV7,SELECT,,1
633,25VX,2026-05-06,Crystal Structure of MYST histone acetyltransferase KAT6A in complex with inhibitor Compound 9,2.29,0.26583,1,1,A,,A1MGC;HOH,1,A1MGC,A1MGC,"2,6-dimethoxy-~{N}-(5-phenyl-3,4-dihydro-2~{H}-pyrano[2,3-e][1,2]benzoxazol-9-yl)benzenesulfonamide",C24 H22 N2 O6 S,466.506,33,ALY;HIS;THR,,,HOH,INCLUDE,,UNIPROT:Q9H7Z6,SELECT,,1
640,9O7R,2026-05-06,Crystal structure of human adenosine kinase (ADK) in complex with inhibitor BKI-1553,2.41,0.2584,1,1,A,,CL;UW5;SO4;HOH,1,UW5,UW5,"1-{4-amino-3-[6-(cyclopropyloxy)naphthalen-2-yl]-1H-pyrazolo[3,4-d]pyrimidin-1-yl}-2-methylpropan-2-ol",C22 H23 N5 O2,389.45,29,,,,CL;SO4;HOH,INCLUDE,,UNIPROT:P55263,SELECT,,1
641,9QZA,2026-05-06,Room temperature fragment screening of soluble epoxide hydrolase by serial crystallography,1.93,0.2241,1,1,A,,SWX;EDO;HOH,1,SWX,SWX,(4-pyrimidin-5-ylphenyl)methanol,C11 H10 N2 O,186.21,14,,,,EDO;HOH,INCLUDE,,UNIPROT:P34913,SELECT,,1
644,9QZI,2026-05-06,GID4 in complex with Compound 21,2.0,0.25298,1,1,A,,A1JCE;HOH,1,A1JCE,A1JCE,"~{N}-[3-fluoranyl-5-[4-[(3~{S})-3-[2-(2-methoxyethoxy)ethyl]piperidin-1-yl]carbonyl-5-methyl-furan-2-yl]phenyl]-4,4-dimethyl-piperidine-1-carboximidamide",C30 H43 F N4 O4,542.685,39,,,,HOH,INCLUDE,,UNIPROT:Q8IVV7,SELECT,,1
645,9QZR,2026-05-06,Room temperature fragment screening of soluble epoxide hydrolase by serial crystallography,1.85,0.213,1,1,A,,X8D;EDO;HOH,1,X8D,X8D,"5-METHYL[1,2,4]TRIAZOLO[4,3-A]QUINOLIN-1(2H)-ONE",C11 H9 N3 O,199.209,15,,,,EDO;HOH,INCLUDE,,UNIPROT:P34913,SELECT,,2
674,9RP6,2026-04-29,Crystal structure of covalent PDE6delta adduct modified by compound 13b,1.8,0.2279,1,1,A,,A1JIC;GOL;HOH,1,A1JIC,A1JIC,"4-[3,4-dimethyl-2-(4-methylphenyl)-7-oxidanylidene-pyrazolo[3,4-d]pyridazin-6-yl]-~{N}-(piperidin-4-ylmethyl)-~{N}-[(2,5,6-trimethylpyridin-3-yl)methyl]butane-1-sulfonamide",C33 H45 N7 O3 S,619.82,44,,,,GOL;HOH,INCLUDE,,UNIPROT:O43924,SELECT,,1
677,9UOJ,2026-04-29,WDR5 bound with P3,1.82,0.2537,1,1,A,,A1L9J;HOH,1,A1L9J,A1L9J,"~{N}-[5-[2-fluoranyl-5-[4-[[4-[oxidanyl(oxidanylidene)-$l^{4}-azanyl]-2,1,3-benzoxadiazol-7-yl]amino]butylcarbamoyl]phenyl]-2-[(3~{R},5~{S})-3,4,5-trimethylpiperazin-1-yl]phenyl]-6-oxidanylidene-4-(trifluoromethyl)-1~{H}-pyridine-3-carboxamide",C37 H38 F4 N9 O6 1,780.748,56,,,,HOH,INCLUDE,,UNIPROT:P61964,SELECT,,1
718,9O73,2026-04-22,Crystal Structure of Human DAPK1 Catalytic Subunit Complexed with Compound MW01-30-035SRM,1.49,0.1909,1,1,A,,86Q;SO4;HOH,1,86Q,86Q,"5,6-Dihydro-benzo[H]cinnolin-3-ylamine",C12 H11 N3,197.236,15,,,,SO4;HOH,INCLUDE,,UNIPROT:P53355,SELECT,,1
719,9OLE,2026-04-22,Crystal Structure of PI5P4KIIAlpha complex with 066ATZ,2.404,0.2429,1,1,A,,SO4;A1CCL;HOH,1,A1CCL,A1CCL,"(7S)-8-cyclopentyl-5-methyl-7-[(pyridin-2-yl)methyl]-2-{[5-(1H-tetrazol-5-yl)-1,3-thiazol-2-yl]amino}-7,8-dihydropteridin-6(5H)-one",C22 H23 N11 O S,489.556,35,,,,SO4;HOH,INCLUDE,,UNIPROT:P48426,SELECT,,1
768,9VGR,2026-04-22,"Crystal Structure of the NUAK1-MARK3 kinase domain chimera bound with small molecule inhibitor 4-((5-((5-chloro-4-(((3R,3aR,6R,6aR)-6-methoxyhexahydrofuro[3,2-b]furan-3-yl)oxy)pyrimidin-2-yl)amino)-2-((2-(dimethylamino)ethyl)(methyl)amino)phenyl)carbamoyl)-1-methyl-3H-pyrazol-1-ium-3-ide",2.00000662781,0.197451811828,1,1,A,,A1ER9;HOH,1,A1ER9,A1ER9,"N-[5-[[4-[[(3R,3aR,6R,6aR)-3-methoxy-2,3,3a,5,6,6a-hexahydrofuro[3,2-b]furan-6-yl]oxy]-5-chloranyl-pyrimidin-2-yl]amino]-2-[2-(dimethylamino)ethyl-methyl-amino]phenyl]-1-methyl-pyrazole-4-carboxamide",C27 H35 Cl N8 O5,587.07,41,,,,HOH,INCLUDE,,UNIPROT:P27448,SELECT,,1
782,9NZA,2026-04-15,Crystal structure of human OGG1 (WT) in a product bound state in the presence of the agonist F01,2.5,0.2463,1,1,A,,OXG;HOH,1,OXG,OXG,8-OXOGUANINE,C5 H3 N5 O2,165.11,12,A1C6T;DC,,,HOH,INCLUDE,,UNIPROT:O15527,SELECT,,2
784,9ORM,2026-04-15,The structure of human Vacuolar Protein Sorting 34 catalytic domain bound to RD-I-137,2.06,0.2271,1,1,A,,A1CD6;GOL;PEG;CL;HOH,1,A1CD6,A1CD6,"ethyl 2-[(8S)-pyrazolo[1,5-a]pyrimidin-3-yl]-1,3-benzothiazole-6-carboxylate",C16 H12 N4 O2 S,324.357,23,,,,GOL;PEG;CL;HOH,INCLUDE,,UNIPROT:Q8NEB9,SELECT,,1
793,9UGF,2026-04-15,CDK2 small molecule F05,1.64,0.2523,1,1,A,,A1EO5;HOH,1,A1EO5,A1EO5,"2-[(1-methylsulfonylpiperidin-4-yl)amino]-8-[1-[[1-[(1~{S})-2-oxidanyl-1-phenyl-ethyl]-1,2,3-triazol-4-yl]methyl]piperidin-4-yl]pyrido[2,3-d]pyrimidin-7-one",C29 H37 N9 O4 S,607.727,43,,,,HOH,INCLUDE,,UNIPROT:P24941,SELECT,,1
818,9UAU,2026-04-08,CDK2_LL-DA-3,1.47,0.2188,1,1,A,,A1EOM;HOH,1,A1EOM,A1EOM,"1-[2-[6-cyano-2-[(1-methylsulfonylpiperidin-4-yl)amino]-7-oxidanylidene-pyrido[2,3-d]pyrimidin-8-yl]ethyl]guanidine",C17 H23 N9 O3 S,433.488,30,,,,HOH,INCLUDE,,UNIPROT:P24941,SELECT,,2
829,9Y8K,2026-04-08,Crystal structure of the Kelch domain of human KLHL12 with compound 7k,1.27,0.1914,1,1,A,,A1CTR;HOH,1,A1CTR,A1CTR,"2-(2-amino-4-methyl-1H-1,3-benzimidazol-1-yl)-N-(2,4,6-trichlorophenyl)acetamide",C16 H13 Cl3 N4 O,383.66,24,,,,HOH,INCLUDE,,UNIPROT:Q53G59,SELECT,,1
830,9Y8L,2026-04-08,Crystal structure of the Kelch domain of human KLHL12 with compound 8e,1.27,0.1927,1,1,A,,A1CTQ;HOH,1,A1CTQ,A1CTQ,"2-(2-amino-5,6-dimethyl-1H-1,3-benzimidazol-1-yl)-N-(2,4,6-trichlorophenyl)acetamide",C17 H15 Cl3 N4 O,397.686,25,,,,HOH,INCLUDE,,UNIPROT:Q53G59,SELECT,,2
843,9ZXM,2026-04-08,DDB1 delta with compound 6,2.195,0.2461,1,1,A,,A1C4E;GOL;HOH,1,A1C4E,A1C4E,"(3S,5S)-1-{(4P)-4-(2,2-difluoro-2H-1,3-benzodioxol-4-yl)-3-[(propan-2-yl)oxy]benzene-1-carbonyl}-N-methyl-5-phenylpiperidine-3-carboxamide",C30 H30 F2 N2 O5,536.566,39,,,,GOL;HOH,INCLUDE,,UNIPROT:Q16531,SELECT,,1
844,9ZXN,2026-04-08,DDB1 delta with compound 26,2.07,0.2353,1,1,A,,A1C4F;GOL;HOH,1,A1C4F,A1C4F,"(3S,5S)-1-{(4P)-4-(2,2-difluoro-2H-1,3-benzodioxol-4-yl)-1-methyl-5-[(propan-2-yl)oxy]-1H-1,3-benzimidazole-7-carbonyl}-N-methyl-5-phenylpiperidine-3-carboxamide",C32 H32 F2 N4 O5,590.617,43,,,,GOL;HOH,INCLUDE,,UNIPROT:Q16531,SELECT,,2
845,10MV,2026-04-01,"N-Alkyl &amp; N-Aryl Aminopyrazole Spirocarbamates: A Two-Pronged Lead Optimization Strategy to Identify Orally Bioavailable Plasma Kallikrein Inhibitors complex with Compound 15 ((3'R)-1'-(5-amino-1-phenyl-1H-pyrazole-4-carbonyl)-6-chloro-5-fluorospiro[[3,1]benzoxazine-4,3'-piperidin]-2(1H)-one)",1.66,0.2263,1,1,A,,MES;A1C6X;NAG;HOH,1,A1C6X,A1C6X,"(3'R)-1'-(5-amino-1-phenyl-1H-pyrazole-4-carbonyl)-6-chloro-5-fluorospiro[[3,1]benzoxazine-4,3'-piperidin]-2(1H)-one",C22 H19 Cl F N5 O3,455.869,32,ASN;NAG,,,MES;NAG;HOH,INCLUDE,,UNIPROT:P03952,SELECT,,1
860,11YC,2026-03-25,The structure of human Vacuolar Protein Sorting 34 catalytic domain bound to RD-II-123,2.41,0.2195,1,1,B,,A1DAY;EDO;PEG;CL;HOH,1,A1DAY,A1DAY,"(8S)-3-(6-butyl-1,3-benzothiazol-2-yl)pyrazolo[1,5-a]pyrimidine",C17 H16 N4 S,308.401,22,,,,EDO;PEG;CL;HOH,INCLUDE,,UNIPROT:Q8NEB9,SELECT,,2
901,9MAW,2026-03-18,Crystal structure of TOPBP1BRCT7-8 domain in complex with 1-Adamantaneacetic acid,2.45,0.2368,1,1,A,,A1ENP;HOH,1,A1ENP,A1ENP,1-Adamantylacetic acid,C12 H18 O2,194.27,14,,,,HOH,INCLUDE,,UNIPROT:Q92547,SELECT,,1
913,9QDY,2026-03-18,GID4 in complex with Compound 9,2.1,0.25414,1,1,A,,A1I6B;HOH,1,A1I6B,A1I6B,~{N}-[3-fluoranyl-5-(5-methylfuran-2-yl)phenyl]-4-methyl-piperidine-1-carboximidamide,C18 H22 F N3 O,315.385,23,,,,HOH,INCLUDE,,UNIPROT:Q8IVV7,SELECT,,2
933,9Z1L,2026-03-18,Structure of KIT V654A mutant with Compound 1,1.543,0.2062,1,1,A,,MRD;A1CZZ;HOH,1,A1CZZ,A1CZZ,"N~2~-methyl-N~4~-{(5P)-5-(1-methyl-1H-pyrazol-4-yl)-4-[(propan-2-yl)oxy]pyridin-2-yl}pyrimidine-2,4-diamine",C17 H21 N7 O,339.395,25,,,,MRD:heavy_atoms_8;HOH,INCLUDE,,UNIPROT:A0A0U2N547,SELECT,,1
934,9Z2S,2026-03-18,Structure of KIT V654A mutant with Compound 11,2.1,0.22993,1,1,A,,DMS;EDO;A1CZ3;HOH,1,A1CZ3,A1CZ3,6-[(6-amino-2-cyclopropylpyrimidin-4-yl)amino]-N-methyl-4-[(propan-2-yl)amino]pyridine-3-carboxamide,C17 H23 N7 O,341.411,25,,,,DMS;EDO;HOH,INCLUDE,,UNIPROT:A0A0U2N547,SELECT,,2
935,10KZ,2026-03-11,N-Alkyl & N-Aryl Aminopyrazole Spirocarbamates: A Two-Pronged Lead Optimization Strategy to Identify Orally Bioavailable Plasma Kallikrein Inhibitors,1.78,0.197,1,1,A,,A1C6O;HOH,1,A1C6O,A1C6O,"(3'R)-1'-(1-benzyl-1H-pyrazole-4-carbonyl)-6-chloro-5-fluorospiro[[3,1]benzoxazine-4,3'-piperidin]-2(1H)-one",C23 H20 Cl F N4 O3,454.881,32,,,,HOH,INCLUDE,,UNIPROT:P03952,SELECT,,2
942,22MJ,2026-03-11,Crystal structure of human INPP5K with an allosteric inhibitor reveals the structural basis for species specific potency,1.9,0.2462,1,1,A,,EDO;MLI;A1MDP;HOH,1,A1MDP,A1MDP,2-benzamido-4-phenyl-5-propan-2-yl-thiophene-3-carboxylic acid,C21 H19 N O3 S,365.445,26,,,,EDO;MLI:heavy_atoms_7;HOH,INCLUDE,,UNIPROT:Q9BT40,SELECT,,1
957,9Q8D,2026-03-11,CRYSTAL STRUCTURE OF HUMAN MONOGLYCERIDE LIPASE WITH LIGAND,1.54,0.2185,1,1,A,,A1I4L;EDO;HOH,1,A1I4L,A1I4L,"(4~{a}~{R},8~{a}~{S})-6-[[6-[[2,4-bis(fluoranyl)phenyl]methyl]-2-azaspiro[3.3]heptan-2-yl]carbonyl]-4,4~{a},5,7,8,8~{a}-hexahydropyrido[4,3-b][1,4]oxazin-3-one",C21 H25 F2 N3 O3,405.438,29,,,,EDO;HOH,INCLUDE,,UNIPROT:Q99685,SELECT,,1
960,9R1C,2026-03-11,Keap1 - inhibitor complex - 1,1.69,0.2017,1,1,A,,DMS;A1JB1;HOH,1,A1JB1,A1JB1,"2-[(4-methoxyphenyl)sulfonyl-[4-[(4-methoxyphenyl)sulfonyl-(1~{H}-1,2,3,4-tetrazol-5-ylmethyl)amino]naphthalen-1-yl]amino]ethanoic acid",C28 H26 N6 O8 S2,638.671,44,,,,DMS;HOH,INCLUDE,,UNIPROT:Q14145,SELECT,,1
961,9R1Z,2026-03-11,Keap1 - inhibitor complex - 3,1.5,0.1911,1,1,A,,A1JB1;EDO;HOH,1,A1JB1,A1JB1,"2-[(4-methoxyphenyl)sulfonyl-[4-[(4-methoxyphenyl)sulfonyl-(1~{H}-1,2,3,4-tetrazol-5-ylmethyl)amino]naphthalen-1-yl]amino]ethanoic acid",C28 H26 N6 O8 S2,638.671,44,,,,EDO;HOH,INCLUDE,,UNIPROT:Q14145,SELECT,,2
981,9GGS,2026-03-04,Human SMUG1,1.38,0.173,1,1,A,,BCN;PEG;HOH,1,BCN,BCN,BICINE,C6 H13 N O4,163.172,11,,,,PEG;HOH,INCLUDE,,UNIPROT:Q53HV7,SELECT,,2
989,9LWY,2026-03-04,Crystal structure of human WDR5 in complex with compound 4,1.55,0.1905,1,1,A,,GOL;A1EMB;HOH,1,A1EMB,A1EMB,"4-[[2-(6-fluoranyl-2-methyl-pyridin-3-yl)-6-(5-methyl-1,3-thiazol-2-yl)pyridin-4-yl]methyl]-1-methyl-imidazol-2-amine",C20 H19 F N6 S,394.468,28,,,,GOL;HOH,INCLUDE,,UNIPROT:P61964,SELECT,,2
991,9LZX,2026-03-04,Crystal structure of the OTU domain of OTULIN in complex with 11B6,2.0,0.2514,1,1,A,,A1EMF;HOH,1,A1EMF,A1EMF,"3-phenyl-5-prop-2-enylsulfanyl-4~{H}-1,2,4-triazole",C11 H11 N3 S,217.29,15,,,,HOH,INCLUDE,,UNIPROT:Q96BN8,SELECT,,1
992,9M1X,2026-03-04,X-ray structure of human heart fatty acid-binding protein at 0.80 A resolution (holo-FABP3),0.8,0.13993,1,1,A,,P6G;HOH,1,P6G,P6G,HEXAETHYLENE GLYCOL,C12 H26 O7,282.331,19,,,,HOH,INCLUDE,,UNIPROT:P05413,SELECT,,1
993,9M22,2026-03-04,X-ray structure of human heart fatty acid-binding protein delipidated with Lipidex,0.8,0.14511,1,1,A,,P6G;HOH,1,P6G,P6G,HEXAETHYLENE GLYCOL,C12 H26 O7,282.331,19,,,,HOH,INCLUDE,,UNIPROT:P05413,SELECT,,2
1019,9N3L,2026-02-25,"Co-crystal structure of PCNA bound to HSP90alpha inhibitor, SNX2112",1.9,0.2331,1,1,A,,E0G;CL;SO4;HOH,1,E0G,E0G,"4-[6,6-dimethyl-4-oxidanylidene-3-(trifluoromethyl)-5,7-dihydroindazol-1-yl]-2-[(4-oxidanylcyclohexyl)amino]benzamide",C23 H27 F3 N4 O3,464.481,33,,,,CL;SO4;HOH,INCLUDE,,UNIPROT:P12004,SELECT,,1
1041,9I9G,2026-02-18,Crystal structure of human eIF4A1 C-terminal domain in complex with hippuristanol,1.7,0.1896,1,1,A,,A1I1L;HOH,1,A1I1L,A1I1L,Hippuristanol,C28 H46 O5,462.662,33,,,,HOH,INCLUDE,,UNIPROT:P60842,SELECT,,1
1050,9R6I,2026-02-18,Crystal structure of PPARgamma in complex with the bisphenol derivative BPS4BE,1.7,0.2288,1,1,A,,A1JDE;GOL;HOH,1,A1JDE,A1JDE,4-(4-phenylmethoxyphenyl)sulfonylphenol,C19 H16 O4 S,340.393,24,,,,GOL;HOH,INCLUDE,,UNIPROT:P37231,SELECT,,1
1051,9R6K,2026-02-18,Crystal structure of PPARgamma in complex with the bisphenol derivative BPPH,2.3,0.2591,1,1,A,,A1JDD;HOH,1,A1JDD,A1JDD,4-[2-(4-oxidanyl-3-phenyl-phenyl)propan-2-yl]-2-phenyl-phenol,C27 H24 O2,380.478,29,,,,HOH,INCLUDE,,UNIPROT:P37231,SELECT,,2
1059,9T08,2026-02-18,Crystal structure of wild-type c-MET bound by sitravatinib.,1.462,0.2425,1,1,A,,A1JSO;HOH,1,A1JSO,A1JSO,Sitravatinib,C33 H29 F2 N5 O4 S,629.676,45,,,,HOH,INCLUDE,,UNIPROT:P08581,SELECT,,1
1061,9T0D,2026-02-18,Crystal structure of wild-type c-MET bound by glesatinib,1.196,0.2213,1,1,A,,A1JSR;HOH,1,A1JSR,A1JSR,Glesatinib,C31 H27 F2 N5 O3 S2,619.705,43,,,,HOH,INCLUDE,,UNIPROT:P08581,SELECT,,2
1071,9Y9N,2026-02-18,"PLK4 in complex with Compound 25 ((R)-7-hydroxy-N-(3-(1-(2,2,2-trifluoroethyl)-1H-pyrazolo[4,3-c]pyridin-6-yl)-1H-pyrazol-4-yl)-7-(trifluoromethyl)-4-azaspiro[2.5]octane-4-carboxamide)",1.81,0.2372,1,1,A,,A1CTV;SO4;HOH,1,A1CTV,A1CTV,"(7R)-7-hydroxy-N-{(5P)-5-[1-(2,2,2-trifluoroethyl)-1H-pyrazolo[4,3-c]pyridin-6-yl]-1H-pyrazol-4-yl}-7-(trifluoromethyl)-4-azaspiro[2.5]octane-4-carboxamide",C20 H19 F6 N7 O2,503.401,35,,,,SO4;HOH,INCLUDE,,UNIPROT:O00444,SELECT,,1
1125,9SD7,2026-02-11,Crystal structure of C-terminally truncated human PGGHG in complex with glucose,1.39,0.17997,1,1,A,,CL;GOL;BGC;HOH,1,BGC,BGC,beta-D-glucopyranose,C6 H12 O6,180.156,12,,,,CL;GOL;HOH,INCLUDE,,UNIPROT:Q32M88,SELECT,,1
1127,9SXI,2026-02-11,HUMAN CD38 ECTODOMAIN BOUND TO CVN14-ADPR ADDUCT,1.74,0.234,1,1,A,,A1JSF;GOL;HOH,1,A1JSF,A1JSF,"[[(2~{R},3~{S},4~{R},5~{R})-5-(6-aminopurin-9-yl)-3,4-bis(oxidanyl)oxolan-2-yl]methoxy-oxidanyl-phosphoryl] [(2~{R},3~{S},4~{R},5~{R})-5-[3-[4-methyl-6-[[4-[2,2,2-tris(fluoranyl)ethylamino]cyclohexyl]carbamoyl]pyrimidin-2-yl]imidazol-1-yl]-3,4-bis(oxidanyl)oxolan-2-yl]methyl hydrogen phosphate",C32 H43 F3 N11 O14 P2 1,924.692,62,,,,GOL;HOH,INCLUDE,,UNIPROT:P28907,SELECT,,1
1163,9DM8,2026-01-28,EGFR wildtype in complex with BI-8128,2.13,0.2141,1,1,A,,A1A6K;MES;HOH,1,A1A6K,A1A6K,"(6M)-1-{2-[4-(2-methoxyethyl)piperazin-1-yl]-1-methyl-4-[(1S,4R)-2-oxa-5-azabicyclo[2.2.1]heptan-5-yl]-1H-imidazo[4,5-c]pyridin-6-yl}-6-(4-methoxypyridin-3-yl)-4-methyl-1H-pyrazolo[4,3-c]pyridine",C32 H38 N10 O3,610.709,45,,,,MES;HOH,INCLUDE,,UNIPROT:P00533,SELECT,,1
1174,9NGP,2026-01-28,EGFR wildtype in complex with BI-4732,2.4,0.2378,1,1,A,,A1BX7;HOH,1,A1BX7,A1BX7,"(6M)-1-{2-[(5S,8aR)-hexahydropyrrolo[1,2-a]pyrazin-2(1H)-yl]-1-methyl-4-[(1R,4R)-2-oxa-5-azabicyclo[2.2.1]heptan-5-yl]-1H-imidazo[4,5-c]pyridin-6-yl}-6-(4-methoxypyridin-3-yl)-4-methyl-1H-pyrazolo[4,3-c]pyridine",C32 H36 N10 O2,592.694,44,,,,HOH,INCLUDE,,UNIPROT:P00533,SELECT,,2
1313,9QB9,2026-01-21,"CK2, catalytic subunit alpha' (CSNK2A2 gene product) in complex with a heparin-derived trisaccharide and the ATP-competitive inhibitor 4w",1.19,0.1748,1,1,A,,A1I5N;CL;HOH,1,A1I5N,A1I5N,"1,3-bis(bromanyl)-5-propan-2-yl-7,8-dihydro-6~{H}-indeno[1,2-b]indole-9,10-dione",C18 H15 Br2 N O2,437.125,23,IDS;SGN,,,CL;HOH,INCLUDE,,UNIPROT:P19784,SELECT,,1
1323,7I7Y,2026-01-14,Crystal Structure of 30 bound to CK2a,1.15,0.218,1,1,A,,ACT;A1BZS;HOH,1,A1BZS,A1BZS,"5-({2-[(4-{[(2-chloro[1,1'-biphenyl]-4-yl)methyl]amino}butyl)amino]ethyl}amino)benzo[c][2,6]naphthyridine-8-carboxamide",C32 H33 Cl N6 O,553.097,40,,,,ACT;HOH,INCLUDE,,UNIPROT:P68400,SELECT,,1
1324,7I7Z,2026-01-14,Crystal Structure of 31 bound to CK2a,1.35,0.236,1,1,A,,A1BZR;HOH,1,A1BZR,A1BZR,"5-({2-[(4-{[(2-chloro[1,1'-biphenyl]-4-yl)methyl]amino}butyl)amino]ethyl}amino)-N-hydroxybenzo[c][2,6]naphthyridine-8-carboxamide",C32 H33 Cl N6 O2,569.096,41,,,,HOH,INCLUDE,,UNIPROT:P68400,SELECT,,2
1366,9IHG,2026-01-14,Protein kinase CK2 catalytic subunit alpha' (CSNK2A2 gene product) in complex with F2X-Entry screen fragment C02,1.08,0.1568,1,1,A,,SYA;CL;HOH,1,SYA,SYA,"2,4,5-tris(fluoranyl)-3-methoxy-benzoic acid",C8 H5 F3 O3,206.119,14,,,,CL;HOH,INCLUDE,,UNIPROT:P19784,SELECT,,2
1407,9RXT,2026-01-14,"Structure of the PDZ1 domain from human NHERF1 with the C-terminal residues (NATRL) of the human sodium-dependent phosphate transporter 2A (NaPi-IIa, SLC34A1)",1.36,0.1975,1,1,A,,TOE;HOH,1,TOE,TOE,2-[2-(2-METHOXY-ETHOXY)-ETHOXY]-ETHOXYL,C7 H16 O4,164.2,11,,,,HOH,INCLUDE,,UNIPROT:O14745+Q06495,SELECT,,1
1416,9EHA,2026-01-07,Crystal structure of N-SH2 domain of SHP2 bound to phosphotyrosine,1.71,0.2461,1,1,A,,PTR;SO4;HOH,1,PTR,PTR,O-PHOSPHOTYROSINE,C9 H12 N O6 P,261.168,17,,,,SO4;HOH,INCLUDE,,UNIPROT:Q06124,SELECT,,1
1444,8ZNN,2025-12-24,X-ray structure of human PPAR delta ligand binding domain in complex with a synthetic agonist 16a,1.95,0.227,1,1,A,,A1D86;HOH,1,A1D86,A1D86,6-[2-[[2-[4-(trifluoromethyloxy)phenyl]benzimidazol-1-yl]methyl]phenoxy]hexanoic acid,C27 H25 F3 N2 O4,498.494,36,,,,HOH,INCLUDE,,UNIPROT:Q03181,SELECT,,1
1480,9S1N,2025-12-24,Crystal structure of DNPH1 bound by compound 19,1.503,0.2289,1,1,A,,A1JKZ;HOH,1,A1JKZ,A1JKZ,"2-[[3-(7-bromanyl-1,2,4,5-tetrahydro-3-benzazepin-3-yl)-1,2,4-oxadiazol-5-yl]methyl]-3,4-dihydro-1~{H}-isoquinoline-7-carboxylic acid",C23 H23 Br N4 O3,483.358,31,,,,HOH,INCLUDE,,UNIPROT:O43598,SELECT,,1
1492,9PE7,2025-12-17,CDK6 to CDK4 active site surrogate in complex with compound 6,2.05,0.2672,1,1,A,,A1CIF;HOH,1,A1CIF,A1CIF,"(3R,4R)-4-({(4M)-5-fluoro-4-[4-fluoro-2-methyl-1-(propan-2-yl)-1H-1,3-benzimidazol-6-yl]pyrimidin-2-yl}amino)-1-(methanesulfonyl)piperidin-3-ol",C21 H26 F2 N6 O3 S,480.531,33,,,,HOH,INCLUDE,,UNIPROT:Q00534,SELECT,,1
1493,9PE8,2025-12-17,CDK6 to CDK4 active site surrogate in complex with PF-07220060,1.8,0.2524,1,1,A,,A1AZ4;HOH,1,A1AZ4,A1AZ4,Atirmociclib,C22 H27 Cl F N5 O3,463.933,32,,,,HOH,INCLUDE,,UNIPROT:Q00534,SELECT,,2
1502,9UZT,2025-12-17,Crystal structure of human PTPN2 with inhibitor K-38,2.17,0.2126,1,1,B,,A1EQR;HOH,1,A1EQR,A1EQR,"~{N}-cycloheptyl-4-[3-fluoranyl-5-oxidanyl-4-[1,1,4-tris(oxidanylidene)-1,2,5-thiadiazolidin-2-yl]phenyl]-1~{H}-imidazole-2-carboxamide",C19 H22 F N5 O5 S,451.472,31,,,,HOH,INCLUDE,,UNIPROT:P17706,SELECT,,1
1544,9I3Y,2025-12-10,CRYSTAL STRUCTURE OF HUMAN MONOACYLGLYCEROL LIPASE WITH COMPOUND 17,1.45,0.2131,1,1,A,,A1IZ6;EDO;HOH,1,A1IZ6,A1IZ6,"2-[4-[(2-pyridin-3-yl-1,3-benzoxazol-6-yl)carbonyl]piperazin-1-yl]-3~{H}-quinazolin-4-one",C25 H20 N6 O3,452.465,34,,,,EDO;HOH,INCLUDE,,UNIPROT:Q99685,SELECT,,2
1567,9S1U,2025-12-10,Crystal structure of human IDO1 in complex with iDeg-3,2.0,0.2291,1,1,A,,A1JLE;SO4;PG4;PGE;PEG;HOH,1,A1JLE,A1JLE,"[(1~{R},2~{S},6~{S},8~{R})-4-(4-~{tert}-butylphenyl)sulfonyl-9,9-dimethyl-4-azatricyclo[6.1.1.0^{2,6}]decan-2-yl]methyl ~{N}-(4-ethynylphenyl)carbamate",C31 H38 N2 O4 S,534.709,38,,,,SO4;PG4;PGE;PEG;HOH,INCLUDE,,UNIPROT:P14902,SELECT,,1
1568,9S1V,2025-12-10,Crystal structure of human IDO1 in complex with iDeg-6,1.85,0.2217,1,1,A,,PEG;A1JLD;DMS;HOH,1,A1JLD,A1JLD,"[(1~{R},2~{S},6~{S},8~{R})-4-(4-~{tert}-butyl-2-methyl-phenyl)sulfonyl-9,9-dimethyl-4-azatricyclo[6.1.1.0^{2,6}]decan-2-yl]methyl ~{N}-(4-ethynylphenyl)carbamate",C32 H40 N2 O4 S,548.736,39,,,,PEG;DMS;HOH,INCLUDE,,UNIPROT:P14902,SELECT,,2
1571,9SI4,2025-12-10,"Structure of human neutrophil elastase in complex with a 5,8-dihydro[1,2,4]triazolo[4,3-a]pyrimidin-3(2H)-one inhibitor",1.14,0.1549,1,1,A,,NAG;FUC;A1JN2;HOH,1,A1JN2,A1JN2,"methyl (5~{R})-5-[4-cyano-2-[2-(trimethyl-$l^{4}-azanyl)ethyl]phenyl]-7-methyl-3-oxidanylidene-8-[3-(trifluoromethyl)phenyl]-2,5-dihydro-[1,2,4]triazolo[4,3-a]pyrimidine-6-carboxylate",C27 H28 F3 N6 O3 1,541.545,39,ASN;FUC;NAG,,,NAG;FUC;HOH,INCLUDE,,UNIPROT:P08246,SELECT,,1
1580,9HHK,2025-12-03,Crystal structure of human TRF1 TRFH domain in complex with compound 2,2.23,0.2458,1,1,A,,GOL;A1IU1;DMS;HOH,1,A1IU1,A1IU1,~{N}-(furan-2-ylmethyl)-2-methyl-furan-3-carboxamide,C11 H11 N O3,205.21,15,,,,GOL;DMS;HOH,INCLUDE,,UNIPROT:P54274,SELECT,,1
1587,9HLP,2025-12-03,Crystal structure of human TRF1 TRFH domain in complex with compound 18,2.24,0.2551,1,1,A,,GOL;A1IV7;DMS;HOH,1,A1IV7,A1IV7,1-piperidin-4-ylindole,C13 H16 N2,200.28,15,,,,GOL;DMS;HOH,INCLUDE,,UNIPROT:P54274,SELECT,,2
1717,9NWX,2025-11-19,Discovery of a Small Molecule ITK and Pan-TRK Kinase Inhibitor (PF-07245303) for the Potential Topical Treatment of Atopic Dermatitis,1.348,0.2274,1,1,A,,A1B66;HOH,1,A1B66,A1B66,"(2S)-N-methyl-N-{6-methyl-2-[(4aS,5aR)-5a-methyl-1,4,4a,5,5a,6-hexahydrocyclopropa[f]indazol-3-yl]-1H-1,3-benzimidazol-5-yl}-2-(morpholin-4-yl)propanamide",C25 H32 N6 O2,448.561,33,,,,HOH,INCLUDE,,UNIPROT:Q08881,SELECT,,1
1749,9KGO,2025-11-12,Crystal structure of the PIN1 and fragment 19 complex.,1.62,0.2073,1,1,A,,A1EFQ;PE8;SO4;HOH,1,PE8,PE8,"3,6,9,12,15,18,21-HEPTAOXATRICOSANE-1,23-DIOL",C16 H34 O9,370.436,25,,,,A1EFQ:heavy_atoms_8;SO4;HOH,INCLUDE,,UNIPROT:Q13526,SELECT,,1
1793,9HTR,2025-11-05,Structure of CypD in complex with an inhibitor.,2.25,0.1848,1,1,A,,A1IU3;HOH,1,A1IU3,A1IU3,"1-[(1~{S})-2-[2-(2-bromophenyl)pyrazolidin-1-yl]-2-oxidanylidene-1-phenyl-ethyl]-3-[[(1~{R},9~{R},10~{S})-10-oxidanyl-12-oxa-8-azatricyclo[7.3.1.0^{2,7}]trideca-2(7),3,5-trien-4-yl]methyl]urea",C30 H32 Br N5 O4,606.51,40,,,,HOH,INCLUDE,,UNIPROT:P30405,SELECT,,1
1794,9KLA,2025-11-05,Crystal Structure of the bromodomain of human BRD9 in complex with the inhibitor Y22024,1.78,0.23154,1,1,A,,A1EF0;GOL;MLT;HOH,1,A1EF0,A1EF0,"1-[1-(3,5-dimethoxyphenyl)indolizin-3-yl]ethanone",C18 H17 N O3,295.332,22,,,,GOL;MLT:heavy_atoms_9;HOH,INCLUDE,,UNIPROT:Q9H8M2,SELECT,,1
1795,9KLY,2025-11-05,Crystal Structure of the bromodomain of human BRD9 in complex with the inhibitor Y22032,2.15,0.22743,1,1,A,,A1EHA;HOH,1,A1EHA,A1EHA,"1-[1-[2,5-dimethoxy-4-[(1~{S})-1-oxidanylethyl]phenyl]indolizin-3-yl]ethanone",C20 H21 N O4,339.385,25,,,,HOH,INCLUDE,,UNIPROT:Q9H8M2,SELECT,,2
1798,9ND3,2025-11-05,JAK2 pseudokinase domain in complex with diaminotriazole inhibitor,1.62,0.2195,1,1,A,,A1BW6;HOH,1,A1BW6,A1BW6,"N-[(1r,4r)-4-{3-[5-amino-3-(4-sulfamoylanilino)-1H-1,2,4-triazole-1-carbonyl]-2,4-difluorophenyl}cyclohexyl]prop-2-enamide",C24 H25 F2 N7 O4 S,545.562,38,,,,HOH,INCLUDE,,UNIPROT:O60674,SELECT,,1
1812,9CY2,2025-10-29,"Crystal structure of human farnesyl pyrophosphate synthase in complex with a cryptic pocket ligand, JDS05120",2.2,0.2462,1,1,F,,PO4;JD5;HOH,1,JD5,JD5,[({5-[4-(cyclopropyloxy)phenyl]pyridin-3-yl}amino)methanediyl]bis(phosphonic acid),C15 H18 N2 O7 P2,400.26,26,,,,PO4;HOH,INCLUDE,,UNIPROT:P14324,SELECT,,1
1813,9CYZ,2025-10-29,"Crystal structure of human farnesyl pyrophosphate synthase in complex with a cryptic pocket ligand, CL02134",2.302,0.2132,1,1,F,,GOL;SO4;YL2;HOH,1,YL2,YL2,"({[6-(4-cyclopropylphenyl)thieno[2,3-d]pyrimidin-4-yl]amino}methanediyl)bis(phosphonic acid)",C16 H17 N3 O6 P2 S,441.335,28,,,,GOL;SO4;HOH,INCLUDE,,UNIPROT:P14324,SELECT,,2
1850,9X53,2025-10-29,Crystal structure of RhoGDI2 in complex with Compound HR3119,1.85,0.2452,1,1,A,,A1EY6;EDO;HOH,1,A1EY6,A1EY6,(3~{R})-~{N}-[2-[[(~{R})-[4-(2-fluorophenyl)phenyl]-thiophen-2-yl-methyl]amino]-2-oxidanylidene-ethyl]pyrrolidine-3-carboxamide,C24 H24 F N3 O2 S,437.53,31,,,,EDO;HOH,INCLUDE,,UNIPROT:P52566,SELECT,,1
1851,9X54,2025-10-29,Crystal structure of RhoGDI2 in complex with Compound 3054b,2.13,0.2337,1,1,A,,GOL;A1EY5;HOH,1,A1EY5,A1EY5,(3~{R})-~{N}-[2-oxidanylidene-2-[[(~{R})-(4-phenylphenyl)-thiophen-2-yl-methyl]amino]ethyl]pyrrolidine-3-carboxamide,C24 H25 N3 O2 S,419.539,30,,,,GOL;HOH,INCLUDE,,UNIPROT:P52566,SELECT,,2
1878,9OGW,2025-10-22,Identification of ligands for E3 ligases using fragment-based methods,1.8,0.2269,1,1,A,,A1CA8;HOH,1,A1CA8,A1CA8,2-{[(thiophen-3-yl)methyl]amino}benzoic acid,C12 H11 N O2 S,233.286,16,,,,HOH,INCLUDE,,UNIPROT:Q9ULV8,SELECT,,1
1885,7BCE,2025-10-15,Notum Fragment 718,1.87,0.2657,1,1,A,,SO4;NAG;DMS;LDV;HOH,1,LDV,LDV,3-[(4-methylpiperidin-1-yl)methyl]-1H-indole,C15 H20 N2,228.333,17,ASN;NAG,,,SO4;NAG;DMS;HOH,INCLUDE,,UNIPROT:Q6P988,SELECT,,1
1897,9H02,2025-10-15,"Crystal structure of human CREBBP histone acetyltransferase domain in complex with a bisubstrate inhibitor, Lys-CoA",2.03,0.2241,1,1,A,,01K;EDO;HOH,1,01K,01K,"[(2R,3S,4R,5R)-5-(6-amino-9H-purin-9-yl)-4-hydroxy-3-(phosphonooxy)tetrahydrofuran-2-yl]methyl (3R,20R)-20-carbamoyl-3-hydroxy-2,2-dimethyl-4,8,14,22-tetraoxo-12-thia-5,9,15,21-tetraazatricos-1-yl dihydrogen diphosphate",C31 H53 N10 O19 P3 S,994.794,64,,,,EDO;HOH,INCLUDE,,UNIPROT:Q92793,SELECT,,1
1976,9KXE,2025-10-08,Crystal structure of the PIN1 and fragment 38 complex.,1.61,0.2249,1,1,A,,PE8;SO4;A1EHF;HOH,1,PE8,PE8,"3,6,9,12,15,18,21-HEPTAOXATRICOSANE-1,23-DIOL",C16 H34 O9,370.436,25,,,,SO4;A1EHF:heavy_atoms_9;HOH,INCLUDE,,UNIPROT:Q13526,SELECT,,2
1992,9PQ5,2025-10-08,MBP-Mcl1 in complex with ligand 8,1.28,0.19456,1,1,A,,A1CMI;HOH,1,A1CMI,A1CMI,"17-chloranyl-5,13,14,22-tetramethyl-28-oxa-2,9-dithia-5,6,12,13,24-pentazaheptacyclo[27.7.1.1^{4,7}.0^{11,15}.0^{16,21}.0^{20,24}.0^{30,35}]octatriaconta-1(36),4(38),6,11,14,16,18,20,22,29(37),30(35),31,33-tridecaene-23-carboxylic acid",C35 H34 Cl N5 O3 S2,672.259,46,GLC,,,HOH,INCLUDE,,UNIPROT:P0AEX9+Q07820,SELECT,,1
1993,9PQ6,2025-10-08,MBP-Mcl1 in complex with ligand 12,1.53,0.21135,1,1,A,,A1CMH;EDO;FMT;HOH,1,A1CMH,A1CMH,"17-chloranyl-33-fluoranyl-5,13,14,22-tetramethyl-28-oxa-9-thia-5,6,12,13,24-pentazaheptacyclo[27.7.1.1^{4,7}.0^{11,15}.0^{16,21}.0^{20,24}.0^{30,35}]octatriaconta-1(36),4(38),6,11,14,16,18,20,22,29(37),30(35),31,33-tridecaene-23-carboxylic acid",C36 H35 Cl F N5 O3 S,672.211,47,GLC,,,EDO;FMT;HOH,INCLUDE,,UNIPROT:P0AEX9+Q07820,SELECT,,2
