simulation_priority,simulation_cohort,initial_rank,pdb_id,release_date,title,resolution,r_free,protein_entity_count,protein_chain_count,protein_chains,reported_mutations,nonpolymer_components,candidate_count,candidate_ligands,target_ccd,target_name,target_formula,target_molecular_weight,target_heavy_atoms,covalent_components,cofactors,metals,excluded_nonpolymers,decision,decision_reasons,target_signature,diversity_decision,diversity_reason,target_instance_number,coordinate_decision,coordinate_reasons,coordinate_notes,selected_ligand_chain,selected_ligand_residue,ligand_instance_count,ligand_heavy_atoms_observed,ligand_mean_occupancy,ligand_minimum_occupancy,ligand_mean_b_factor,ligand_altlocs,protein_minimum_distance,contact_residue_count,contact_chain_count,contact_chains,contact_residues,nearby_metals,nearby_cofactors,all_ligand_instances_json,validation_decision,validation_reasons,validation_record_count,validation_match_quality,validation_chain,validation_resnum,validation_icode,validation_altcode,validation_model,ligand_rscc,ligand_rsr,validation_avg_occupancy,ligand_ediam,ligand_opia,ligand_owab,ligand_natoms_eds,ligand_eds_atom_coverage,mogul_bonds_rmsz,mogul_angles_rmsz
1,CORE_70,9,31WA,2026-08-05,Crystal structure of the HPK1 kinase domain in complex with inhibitor 5b,1.42,0.226,1,1,A,,A1KCT;EDO;HOH,1,A1KCT,A1KCT,"2-methoxy-3-(3-methylimidazo[4,5-c]pyridin-7-yl)-8-(4-morpholin-4-ylphenyl)-1,6-naphthyridin-5-amine",C26 H25 N7 O2,467.522,35,,,,EDO;HOH,INCLUDE,,UNIPROT:Q92918,SELECT,,1,INCLUDE,clean_coordinate_environment,,A,301,1,35,1.0000,1.0000,29.934,,2.876,24,1,A,A:ALA:141;A:ALA:154;A:ALA:44;A:ALA:96;A:ARG:168;A:ASN:142;A:ASP:101;A:ASP:137;A:ASP:155;A:CYS:94;A:GLU:92;A:GLY:24;A:GLY:25;A:GLY:95;A:GLY:97;A:LEU:144;A:LEU:23;A:LYS:46;A:MET:91;A:PHE:93;A:SER:98;A:TYR:28;A:VAL:31;A:VAL:75,{},{},"[{""altlocs"": [], ""chain"": ""A"", ""component_distances"": {}, ""contact_chain_count"": 1, ""contact_chains"": [""A""], ""contact_residue_count"": 24, ""contact_residues"": [""A:ALA:141"", ""A:ALA:154"", ""A:ALA:44"", ""A:ALA:96"", ""A:ARG:168"", ""A:ASN:142"", ""A:ASP:101"", ""A:ASP:137"", ""A:ASP:155"", ""A:CYS:94"", ""A:GLU:92"", ""A:GLY:24"", ""A:GLY:25"", ""A:GLY:95"", ""A:GLY:97"", ""A:LEU:144"", ""A:LEU:23"", ""A:LYS:46"", ""A:MET:91"", ""A:PHE:93"", ""A:SER:98"", ""A:TYR:28"", ""A:VAL:31"", ""A:VAL:75""], ""heavy_atoms"": 35, ""mean_b_factor"": 29.933714403424943, ""mean_occupancy"": 1.0, ""minimum_occupancy"": 1.0, ""protein_minimum_distance"": 2.8757691145152795, ""residue_number"": ""301""}]",INCLUDE,validation_quality_pass,1,single_target_record_fallback,A,301, , ,1,0.906,0.103,1.0,0.94,91.43,29.93,35.0,1.0000,0.38,1.39
2,CORE_70,10,31WB,2026-08-05,Crystal structure of the HPK1 kinase domain in complex with inhibitor 6b,1.31,0.214,1,1,A,,A1KCQ;EDO;HOH,1,A1KCQ,A1KCQ,"3-methyl-2-(3-methylimidazo[4,5-c]pyridin-7-yl)-6-(4-morpholin-4-ylphenyl)imidazo[1,2-a]pyridine-8-carboxamide",C26 H25 N7 O2,467.522,35,,,,EDO;HOH,INCLUDE,,UNIPROT:Q92918,SELECT,,2,INCLUDE,clean_coordinate_environment,,A,301,1,35,1.0000,1.0000,23.143,,2.785,23,1,A,A:ALA:141;A:ALA:154;A:ALA:44;A:ALA:96;A:ARG:168;A:ASN:142;A:ASP:101;A:ASP:137;A:ASP:155;A:CYS:94;A:GLU:92;A:GLY:24;A:GLY:25;A:GLY:95;A:GLY:97;A:LEU:144;A:LEU:23;A:LYS:46;A:MET:91;A:PHE:93;A:TYR:28;A:VAL:31;A:VAL:75,{},{},"[{""altlocs"": [], ""chain"": ""A"", ""component_distances"": {}, ""contact_chain_count"": 1, ""contact_chains"": [""A""], ""contact_residue_count"": 23, ""contact_residues"": [""A:ALA:141"", ""A:ALA:154"", ""A:ALA:44"", ""A:ALA:96"", ""A:ARG:168"", ""A:ASN:142"", ""A:ASP:101"", ""A:ASP:137"", ""A:ASP:155"", ""A:CYS:94"", ""A:GLU:92"", ""A:GLY:24"", ""A:GLY:25"", ""A:GLY:95"", ""A:GLY:97"", ""A:LEU:144"", ""A:LEU:23"", ""A:LYS:46"", ""A:MET:91"", ""A:PHE:93"", ""A:TYR:28"", ""A:VAL:31"", ""A:VAL:75""], ""heavy_atoms"": 35, ""mean_b_factor"": 23.143142918178015, ""mean_occupancy"": 1.0, ""minimum_occupancy"": 1.0, ""protein_minimum_distance"": 2.7846748463689637, ""residue_number"": ""301""}]",INCLUDE,validation_quality_pass,1,single_target_record_fallback,A,301, , ,1,0.954,0.077,1.0,0.902,85.71,23.14,35.0,1.0000,0.36,0.69
3,CORE_70,12,32PP,2026-08-05,CRYSTAL STRUCTURE OF BRD4 BD1 IN COMPLEX WITH Compound 9,1.44,0.237,1,1,A,,A1KEP;EDO;HOH,1,A1KEP,A1KEP,"~{N},3,8-trimethyl-~{N}-(pyridin-2-ylmethyl)-[1,2,4]triazolo[4,3-b]pyridazin-6-amine",C14 H16 N6,268.317,20,,,,EDO;HOH,INCLUDE,,UNIPROT:O60885,SELECT,,1,INCLUDE,clean_coordinate_environment,,A,201,1,20,1.0000,1.0000,20.689,,2.937,13,1,A,A:ASN:140;A:ASP:145;A:CYS:136;A:ILE:146;A:LEU:92;A:LEU:94;A:MET:149;A:PHE:83;A:PRO:82;A:TRP:81;A:TYR:139;A:TYR:97;A:VAL:87,{},{},"[{""altlocs"": [], ""chain"": ""A"", ""component_distances"": {}, ""contact_chain_count"": 1, ""contact_chains"": [""A""], ""contact_residue_count"": 13, ""contact_residues"": [""A:ASN:140"", ""A:ASP:145"", ""A:CYS:136"", ""A:ILE:146"", ""A:LEU:92"", ""A:LEU:94"", ""A:MET:149"", ""A:PHE:83"", ""A:PRO:82"", ""A:TRP:81"", ""A:TYR:139"", ""A:TYR:97"", ""A:VAL:87""], ""heavy_atoms"": 20, ""mean_b_factor"": 20.68899984359741, ""mean_occupancy"": 1.0, ""minimum_occupancy"": 1.0, ""protein_minimum_distance"": 2.937066904243075, ""residue_number"": ""201""}]",INCLUDE,validation_quality_pass,1,single_target_record_fallback,A,201, , ,1,0.925,0.077,1.0,0.877,80.0,20.69,20.0,1.0000,1.35,1.74
4,CORE_70,19,35WF,2026-08-05,Crystal structure of CHK1 in complex with prexasertib,1.68,0.2043,1,1,A,,A1DNH;PEG;GOL;EOH;EDO;HOH,1,A1DNH,A1DNH,prexasertib,C18 H19 N7 O2,365.389,27,,,,PEG;GOL;EOH;EDO;HOH,INCLUDE,,UNIPROT:O14757,SELECT,,1,INCLUDE,clean_coordinate_environment,,A,301,1,27,1.0000,1.0000,22.314,,2.792,22,1,A,A:ALA:36;A:ASN:135;A:ASP:148;A:CYS:87;A:GLU:134;A:GLU:17;A:GLU:55;A:GLU:85;A:GLU:91;A:GLY:16;A:GLY:89;A:GLY:90;A:LEU:137;A:LEU:15;A:LEU:84;A:LYS:38;A:PHE:149;A:SER:147;A:SER:88;A:TYR:86;A:VAL:23;A:VAL:68,{},{},"[{""altlocs"": [], ""chain"": ""A"", ""component_distances"": {}, ""contact_chain_count"": 1, ""contact_chains"": [""A""], ""contact_residue_count"": 22, ""contact_residues"": [""A:ALA:36"", ""A:ASN:135"", ""A:ASP:148"", ""A:CYS:87"", ""A:GLU:134"", ""A:GLU:17"", ""A:GLU:55"", ""A:GLU:85"", ""A:GLU:91"", ""A:GLY:16"", ""A:GLY:89"", ""A:GLY:90"", ""A:LEU:137"", ""A:LEU:15"", ""A:LEU:84"", ""A:LYS:38"", ""A:PHE:149"", ""A:SER:147"", ""A:SER:88"", ""A:TYR:86"", ""A:VAL:23"", ""A:VAL:68""], ""heavy_atoms"": 27, ""mean_b_factor"": 22.313703536987305, ""mean_occupancy"": 1.0, ""minimum_occupancy"": 1.0, ""protein_minimum_distance"": 2.7916364376472806, ""residue_number"": ""301""}]",INCLUDE,validation_quality_pass,1,single_target_record_fallback,A,301, , ,1,0.972,0.05,1.0,0.966,96.3,22.31,27.0,1.0000,1.11,1.77
5,CORE_70,20,35WG,2026-08-05,Crystal structure of CHK1 in complex with BBI-355,1.97,0.2068,1,1,A,,A1DNI;EDO;HOH,1,A1DNI,A1DNI,"5-{[(5M)-5-(4-{[(1R,3S)-3-aminocyclopentyl]oxy}-2-methoxy-6-methylpyridin-3-yl)-1H-pyrazol-3-yl]amino}pyrazine-2-carbonitrile",C20 H22 N8 O2,406.441,30,,,,EDO;HOH,INCLUDE,,UNIPROT:O14757,SELECT,,2,INCLUDE,clean_coordinate_environment,,A,301,1,30,1.0000,1.0000,32.236,,2.853,21,1,A,A:ALA:36;A:ASN:135;A:ASP:148;A:CYS:87;A:GLU:134;A:GLU:55;A:GLU:85;A:GLU:91;A:GLY:16;A:GLY:89;A:GLY:90;A:LEU:137;A:LEU:15;A:LEU:84;A:LYS:38;A:PHE:149;A:SER:147;A:SER:88;A:TYR:86;A:VAL:23;A:VAL:68,{},{},"[{""altlocs"": [], ""chain"": ""A"", ""component_distances"": {}, ""contact_chain_count"": 1, ""contact_chains"": [""A""], ""contact_residue_count"": 21, ""contact_residues"": [""A:ALA:36"", ""A:ASN:135"", ""A:ASP:148"", ""A:CYS:87"", ""A:GLU:134"", ""A:GLU:55"", ""A:GLU:85"", ""A:GLU:91"", ""A:GLY:16"", ""A:GLY:89"", ""A:GLY:90"", ""A:LEU:137"", ""A:LEU:15"", ""A:LEU:84"", ""A:LYS:38"", ""A:PHE:149"", ""A:SER:147"", ""A:SER:88"", ""A:TYR:86"", ""A:VAL:23"", ""A:VAL:68""], ""heavy_atoms"": 30, ""mean_b_factor"": 32.23633314768473, ""mean_occupancy"": 1.0, ""minimum_occupancy"": 1.0, ""protein_minimum_distance"": 2.853405158753309, ""residue_number"": ""301""}]",INCLUDE,validation_quality_pass,1,single_target_record_fallback,A,301, , ,1,0.947,0.074,1.0,0.88,86.67,32.24,30.0,1.0000,0.98,1.92
6,CORE_70,25,9PSQ,2026-08-05,Co-crystal structure of BAF60A (SMARCD1) bound to PPSC-001,2.31,0.25757,1,1,A,,A1CLC;HOH,1,A1CLC,A1CLC,"(4M)-4-(3-bromophenyl)-2-methyl-N-(6-methylpyridin-2-yl)-5-oxo-5,6,7,8-tetrahydroquinoline-3-carboxamide",C23 H20 Br N3 O2,450.328,29,,,,HOH,INCLUDE,,UNIPROT:Q96GM5,SELECT,,1,INCLUDE,clean_coordinate_environment,,A,401,1,29,1.0000,1.0000,55.122,,2.880,14,1,A,A:ARG:274;A:GLN:271;A:GLU:257;A:GLY:269;A:ILE:242;A:LEU:209;A:LEU:240;A:LEU:255;A:PHE:270;A:THR:267;A:TRP:258;A:VAL:211;A:VAL:256;A:VAL:272,{},{},"[{""altlocs"": [], ""chain"": ""A"", ""component_distances"": {}, ""contact_chain_count"": 1, ""contact_chains"": [""A""], ""contact_residue_count"": 14, ""contact_residues"": [""A:ARG:274"", ""A:GLN:271"", ""A:GLU:257"", ""A:GLY:269"", ""A:ILE:242"", ""A:LEU:209"", ""A:LEU:240"", ""A:LEU:255"", ""A:PHE:270"", ""A:THR:267"", ""A:TRP:258"", ""A:VAL:211"", ""A:VAL:256"", ""A:VAL:272""], ""heavy_atoms"": 29, ""mean_b_factor"": 55.12206899708715, ""mean_occupancy"": 1.0, ""minimum_occupancy"": 1.0, ""protein_minimum_distance"": 2.8796074385235215, ""residue_number"": ""401""}]",INCLUDE,validation_quality_pass,1,single_target_record_fallback,A,401, , ,1,0.969,0.089,1.0,0.604,41.38,55.12,29.0,1.0000,2.18,2.14
7,CORE_70,42,9YBT,2026-08-05,ARID1B ARID bound to compound A-2 (5-(hex-1-yn-1-yl)-3-methylpyridin-2(1H)-one),1.44,0.1799,1,1,A,,A1CT7;HOH,1,A1CT7,A1CT7,5-(hex-1-yn-1-yl)-3-methylpyridin-2(1H)-one,C12 H15 N O,189.254,14,,,,HOH,INCLUDE,,UNIPROT:Q8NFD5,SELECT,,2,INCLUDE,clean_coordinate_environment,,A,1201,1,14,1.0000,1.0000,27.765,,2.832,14,1,A,A:GLU:1055;A:GLU:1144;A:ILE:1143;A:LEU:1087;A:LEU:1136;A:LYS:1095;A:PHE:1088;A:PHE:1139;A:TRP:1059;A:TYR:1063;A:TYR:1091;A:VAL:1047;A:VAL:1060;A:VAL:1092,{},{},"[{""altlocs"": [], ""chain"": ""A"", ""component_distances"": {}, ""contact_chain_count"": 1, ""contact_chains"": [""A""], ""contact_residue_count"": 14, ""contact_residues"": [""A:GLU:1055"", ""A:GLU:1144"", ""A:ILE:1143"", ""A:LEU:1087"", ""A:LEU:1136"", ""A:LYS:1095"", ""A:PHE:1088"", ""A:PHE:1139"", ""A:TRP:1059"", ""A:TYR:1063"", ""A:TYR:1091"", ""A:VAL:1047"", ""A:VAL:1060"", ""A:VAL:1092""], ""heavy_atoms"": 14, ""mean_b_factor"": 27.765161514282227, ""mean_occupancy"": 1.0, ""minimum_occupancy"": 1.0, ""protein_minimum_distance"": 2.8316494114385, ""residue_number"": ""1201""}]",INCLUDE,validation_quality_pass,1,single_target_record_fallback,A,1201, , ,1,0.887,0.113,1.0,0.755,64.29,31.14,29.0,2.0714,0.99,2.07
8,CORE_70,53,31HP,2026-07-29,Crystal structure of tau tubulin kinase 2 (TTBK2) in complex with compound 62,1.5,0.186964775621,1,1,A,,A1J95;EDO;HOH,1,A1J95,A1J95,"~{N}-[4-(furan-2-yl)phenyl]-7~{H}-pyrrolo[2,3-d]pyrimidin-4-amine",C16 H12 N4 O,276.293,21,,,,EDO;HOH,INCLUDE,,UNIPROT:Q6IQ55,SELECT,,1,INCLUDE,clean_coordinate_environment,,A,301,1,21,1.0000,1.0000,25.916,,2.784,15,1,A,A:ALA:48;A:ARG:106;A:ASN:100;A:CYS:78;A:GLN:95;A:GLN:97;A:GLY:28;A:GLY:98;A:ILE:27;A:ILE:35;A:LEU:162;A:LEU:96;A:LYS:50;A:MET:94;A:SER:145,{},{},"[{""altlocs"": [], ""chain"": ""A"", ""component_distances"": {}, ""contact_chain_count"": 1, ""contact_chains"": [""A""], ""contact_residue_count"": 15, ""contact_residues"": [""A:ALA:48"", ""A:ARG:106"", ""A:ASN:100"", ""A:CYS:78"", ""A:GLN:95"", ""A:GLN:97"", ""A:GLY:28"", ""A:GLY:98"", ""A:ILE:27"", ""A:ILE:35"", ""A:LEU:162"", ""A:LEU:96"", ""A:LYS:50"", ""A:MET:94"", ""A:SER:145""], ""heavy_atoms"": 21, ""mean_b_factor"": 25.916400364467076, ""mean_occupancy"": 1.0, ""minimum_occupancy"": 1.0, ""protein_minimum_distance"": 2.7840808008748597, ""residue_number"": ""301""}]",INCLUDE,validation_quality_pass,1,single_target_record_fallback,A,301, , ,1,0.968,0.064,1.0,0.44,76.19,25.92,21.0,1.0000,0.25,0.34
9,CORE_70,54,32QL,2026-07-29,Human TRIM21 PRYSPRY domain in complex with HGC6525,1.4,0.19696,1,1,A,,EDO;A1KED;HOH,1,A1KED,A1KED,~{N}-(cyclohexylmethyl)-4-(4-fluoranyl-2-methylsulfanyl-phenyl)-~{N}-methyl-2-methylsulfonyl-benzamide,C23 H28 F N O3 S2,449.602,30,,,,EDO;HOH,INCLUDE,,UNIPROT:P19474,SELECT,,1,INCLUDE,clean_coordinate_environment,,A,507,1,30,1.0000,1.0000,17.095,,2.752,21,1,A,A:ALA:353;A:ASP:355;A:GLN:395;A:GLY:391;A:GLY:449;A:LEU:370;A:LEU:371;A:LEU:382;A:MET:330;A:PHE:369;A:PHE:450;A:PRO:329;A:PRO:448;A:SER:372;A:SER:447;A:THR:392;A:TRP:354;A:TRP:381;A:TRP:383;A:TYR:328;A:TYR:393,{},{},"[{""altlocs"": [], ""chain"": ""A"", ""component_distances"": {}, ""contact_chain_count"": 1, ""contact_chains"": [""A""], ""contact_residue_count"": 21, ""contact_residues"": [""A:ALA:353"", ""A:ASP:355"", ""A:GLN:395"", ""A:GLY:391"", ""A:GLY:449"", ""A:LEU:370"", ""A:LEU:371"", ""A:LEU:382"", ""A:MET:330"", ""A:PHE:369"", ""A:PHE:450"", ""A:PRO:329"", ""A:PRO:448"", ""A:SER:372"", ""A:SER:447"", ""A:THR:392"", ""A:TRP:354"", ""A:TRP:381"", ""A:TRP:383"", ""A:TYR:328"", ""A:TYR:393""], ""heavy_atoms"": 30, ""mean_b_factor"": 17.09466660817464, ""mean_occupancy"": 1.0, ""minimum_occupancy"": 1.0, ""protein_minimum_distance"": 2.7516693115270963, ""residue_number"": ""507""}]",INCLUDE,validation_quality_pass,1,single_target_record_fallback,A,507, , ,1,0.987,0.045,1.0,0.899,90.0,17.09,30.0,1.0000,0.31,0.67
10,CORE_70,55,32QM,2026-07-29,Human TRIM21 PRYSPRY domain in complex with compound 5 (Z31),1.5,0.19636,1,1,A,,EDO;A1KEE;HOH,1,A1KEE,A1KEE,~{N}-[(1~{R})-1-cyclohexylethyl]-4-(4-fluoranyl-2-methylsulfanyl-phenyl)-~{N}-methyl-2-methylsulfonyl-benzamide,C24 H30 F N O3 S2,463.628,31,,,,EDO;HOH,INCLUDE,,UNIPROT:P19474,SELECT,,2,INCLUDE,clean_coordinate_environment,,A,502,1,31,1.0000,1.0000,23.376,,2.822,20,1,A,A:ALA:353;A:ASP:355;A:GLY:391;A:GLY:449;A:LEU:370;A:LEU:371;A:LEU:382;A:MET:330;A:PHE:369;A:PHE:450;A:PRO:329;A:PRO:448;A:SER:372;A:SER:447;A:THR:392;A:TRP:354;A:TRP:381;A:TRP:383;A:TYR:328;A:TYR:393,{},{},"[{""altlocs"": [], ""chain"": ""A"", ""component_distances"": {}, ""contact_chain_count"": 1, ""contact_chains"": [""A""], ""contact_residue_count"": 20, ""contact_residues"": [""A:ALA:353"", ""A:ASP:355"", ""A:GLY:391"", ""A:GLY:449"", ""A:LEU:370"", ""A:LEU:371"", ""A:LEU:382"", ""A:MET:330"", ""A:PHE:369"", ""A:PHE:450"", ""A:PRO:329"", ""A:PRO:448"", ""A:SER:372"", ""A:SER:447"", ""A:THR:392"", ""A:TRP:354"", ""A:TRP:381"", ""A:TRP:383"", ""A:TYR:328"", ""A:TYR:393""], ""heavy_atoms"": 31, ""mean_b_factor"": 23.376129150390625, ""mean_occupancy"": 1.0, ""minimum_occupancy"": 1.0, ""protein_minimum_distance"": 2.8216381766626286, ""residue_number"": ""502""}]",INCLUDE,validation_quality_pass,1,single_target_record_fallback,A,502, , ,1,0.979,0.056,1.0,0.938,87.1,23.38,31.0,1.0000,0.27,0.52
11,CORE_70,62,32RM,2026-07-29,Crystal structure of the human SPRY domain-containing SOCS box protein SPSB4 - Apo,1.55,0.2115,1,1,A,,FLC;CL;HOH,1,FLC,FLC,CITRATE ANION,C6 H5 O7 -3,189.1,13,,,,CL;HOH,INCLUDE,,UNIPROT:Q96A44,SELECT,,1,INCLUDE,clean_coordinate_environment,,A,301,1,13,1.0000,1.0000,24.592,,2.602,9,1,A,A:ALA:94;A:ARG:53;A:ARG:95;A:GLY:92;A:HIS:54;A:HIS:93;A:HIS:98;A:TYR:226;A:VAL:91,{},{},"[{""altlocs"": [], ""chain"": ""A"", ""component_distances"": {}, ""contact_chain_count"": 1, ""contact_chains"": [""A""], ""contact_residue_count"": 9, ""contact_residues"": [""A:ALA:94"", ""A:ARG:53"", ""A:ARG:95"", ""A:GLY:92"", ""A:HIS:54"", ""A:HIS:93"", ""A:HIS:98"", ""A:TYR:226"", ""A:VAL:91""], ""heavy_atoms"": 13, ""mean_b_factor"": 24.591711044311523, ""mean_occupancy"": 1.0, ""minimum_occupancy"": 1.0, ""protein_minimum_distance"": 2.602045129009103, ""residue_number"": ""301""}]",INCLUDE,validation_quality_pass,1,single_target_record_fallback,A,301, , ,1,0.908,0.085,1.0,0.84,61.54,24.59,13.0,1.0000,1.9,2.39
12,CORE_70,69,9RZO,2026-07-29,Recombinant human butyrylcholinesterase in complex with 3-(1H-indol-3-yl)-N-methyl-N-phenethylpropan-1-amine,2.5,0.2124,1,1,A,,MES;SO4;GOL;NAG;SIA;A1JKA;HOH,1,A1JKA,A1JKA,3-(1~{H}-indol-3-yl)-~{N}-methyl-~{N}-(2-phenylethyl)propan-1-amine,C20 H24 N2,292.418,22,ASN;FUC;NAG,,,MES;SO4;GOL;NAG;SIA;HOH,INCLUDE,,UNIPROT:P06276,SELECT,,1,INCLUDE,clean_coordinate_environment,,A,612,1,22,1.0000,1.0000,45.096,,3.125,21,1,A,A:ALA:328;A:ASP:70;A:GLN:119;A:GLY:116;A:GLY:117;A:GLY:78;A:HIS:438;A:LEU:286;A:MET:437;A:PHE:329;A:PHE:398;A:PRO:285;A:SER:198;A:SER:287;A:THR:120;A:TRP:231;A:TRP:430;A:TRP:82;A:TYR:332;A:TYR:440;A:VAL:288,{},{},"[{""altlocs"": [], ""chain"": ""A"", ""component_distances"": {}, ""contact_chain_count"": 1, ""contact_chains"": [""A""], ""contact_residue_count"": 21, ""contact_residues"": [""A:ALA:328"", ""A:ASP:70"", ""A:GLN:119"", ""A:GLY:116"", ""A:GLY:117"", ""A:GLY:78"", ""A:HIS:438"", ""A:LEU:286"", ""A:MET:437"", ""A:PHE:329"", ""A:PHE:398"", ""A:PRO:285"", ""A:SER:198"", ""A:SER:287"", ""A:THR:120"", ""A:TRP:231"", ""A:TRP:430"", ""A:TRP:82"", ""A:TYR:332"", ""A:TYR:440"", ""A:VAL:288""], ""heavy_atoms"": 22, ""mean_b_factor"": 45.09626007080078, ""mean_occupancy"": 1.0, ""minimum_occupancy"": 1.0, ""protein_minimum_distance"": 3.124500624115792, ""residue_number"": ""612""}]",INCLUDE,validation_quality_pass,1,single_target_record_fallback,A,612, , ,1,0.937,0.109,1.0,0.434,9.09,45.1,22.0,1.0000,2.28,1.74
13,CORE_70,70,9RZP,2026-07-29,"Recombinant human butyrylcholinesterase in complex with 2-(3-(1H-indol-3-yl)propyl)-1,2,3,4-tetrahydroisoquinoline",2.39,0.2541,1,1,A,,NAG;GOL;A1JJ9;PPI;SO4;HOH,1,A1JJ9,A1JJ9,"2-[3-(1~{H}-indol-3-yl)propyl]-3,4-dihydro-1~{H}-isoquinoline",C20 H22 N2,290.402,22,ASN;FUC;NAG,,,NAG;GOL;PPI:heavy_atoms_5;SO4;HOH,INCLUDE,,UNIPROT:P06276,SELECT,,2,INCLUDE,clean_coordinate_environment,,A,603,1,22,1.0000,1.0000,68.809,,3.252,21,1,A,A:ALA:328;A:ASP:70;A:GLN:119;A:GLY:116;A:GLY:117;A:GLY:78;A:HIS:438;A:LEU:286;A:MET:437;A:PHE:329;A:PHE:398;A:PRO:285;A:SER:198;A:SER:287;A:THR:120;A:TRP:231;A:TRP:430;A:TRP:82;A:TYR:332;A:TYR:440;A:VAL:288,{},{},"[{""altlocs"": [], ""chain"": ""A"", ""component_distances"": {}, ""contact_chain_count"": 1, ""contact_chains"": [""A""], ""contact_residue_count"": 21, ""contact_residues"": [""A:ALA:328"", ""A:ASP:70"", ""A:GLN:119"", ""A:GLY:116"", ""A:GLY:117"", ""A:GLY:78"", ""A:HIS:438"", ""A:LEU:286"", ""A:MET:437"", ""A:PHE:329"", ""A:PHE:398"", ""A:PRO:285"", ""A:SER:198"", ""A:SER:287"", ""A:THR:120"", ""A:TRP:231"", ""A:TRP:430"", ""A:TRP:82"", ""A:TYR:332"", ""A:TYR:440"", ""A:VAL:288""], ""heavy_atoms"": 22, ""mean_b_factor"": 68.80892025340687, ""mean_occupancy"": 1.0, ""minimum_occupancy"": 1.0, ""protein_minimum_distance"": 3.252040003566989, ""residue_number"": ""603""}]",INCLUDE,validation_quality_pass,1,single_target_record_fallback,A,603, , ,1,0.921,0.149,1.0,0.381,4.55,68.81,22.0,1.0000,2.29,1.78
14,CORE_70,77,9VZG,2026-07-29,Harnessing Noncovalent Dimerization Enables an Orally Active STING Agonist for Respiratory Syncytial Virus Therapy,1.74,0.2356,1,1,A,,A1EUO;HOH,1,A1EUO,A1EUO,"(1~{R},2~{S})-2-[(3-fluoranyl-5,6-dimethoxy-1-benzoselenophen-2-yl)carbonyl]cyclobutane-1-carboxylic acid",C16 H15 F O5 Se,385.246,23,,,,HOH,INCLUDE,,UNIPROT:Q86WV6,SELECT,,1,INCLUDE,clean_coordinate_environment,,A,201,1,23,1.0000,1.0000,24.239,,2.763,10,1,A,A:ARG:89;A:GLU:111;A:GLY:17;A:LEU:10;A:PRO:115;A:SER:13;A:THR:114;A:TYR:14;A:TYR:18;A:TYR:91,{},{},"[{""altlocs"": [], ""chain"": ""A"", ""component_distances"": {}, ""contact_chain_count"": 1, ""contact_chains"": [""A""], ""contact_residue_count"": 10, ""contact_residues"": [""A:ARG:89"", ""A:GLU:111"", ""A:GLY:17"", ""A:LEU:10"", ""A:PRO:115"", ""A:SER:13"", ""A:THR:114"", ""A:TYR:14"", ""A:TYR:18"", ""A:TYR:91""], ""heavy_atoms"": 23, ""mean_b_factor"": 24.238559308259383, ""mean_occupancy"": 1.0, ""minimum_occupancy"": 1.0, ""protein_minimum_distance"": 2.762630827110274, ""residue_number"": ""201""}]",INCLUDE,validation_quality_pass,1,single_target_record_fallback,A,201, , ,1,0.984,0.056,1.0,1.026,100.0,26.41,38.0,1.6522,3.01,1.89
15,CORE_70,119,9HVS,2026-07-15,Orotidine 5'-monophosphate decarboxylase-domain of human UMPS in complex with 6-Ethyl UMP,1.3,0.1685,1,1,A,,UEP;SO4;PRO;HOH,1,UEP,UEP,6-ethyluridine 5'-phosphate,C11 H17 N2 O9 P,352.234,23,,,,SO4;PRO:heavy_atoms_8;HOH,INCLUDE,,UNIPROT:P11172,SELECT,,1,INCLUDE,clean_coordinate_environment,,A,501,1,23,1.0000,1.0000,15.032,,2.646,23,1,A,A:ARG:451;A:ASN:341;A:ASP:259;A:ASP:312;A:GLN:430;A:GLU:370;A:GLY:418;A:GLY:450;A:GLY:452;A:HIS:283;A:ILE:401;A:ILE:448;A:LYS:281;A:LYS:314;A:MET:371;A:PHE:310;A:PRO:417;A:SER:257;A:SER:372;A:SER:373;A:TYR:432;A:VAL:419;A:VAL:449,{},{},"[{""altlocs"": [], ""chain"": ""A"", ""component_distances"": {}, ""contact_chain_count"": 1, ""contact_chains"": [""A""], ""contact_residue_count"": 23, ""contact_residues"": [""A:ARG:451"", ""A:ASN:341"", ""A:ASP:259"", ""A:ASP:312"", ""A:GLN:430"", ""A:GLU:370"", ""A:GLY:418"", ""A:GLY:450"", ""A:GLY:452"", ""A:HIS:283"", ""A:ILE:401"", ""A:ILE:448"", ""A:LYS:281"", ""A:LYS:314"", ""A:MET:371"", ""A:PHE:310"", ""A:PRO:417"", ""A:SER:257"", ""A:SER:372"", ""A:SER:373"", ""A:TYR:432"", ""A:VAL:419"", ""A:VAL:449""], ""heavy_atoms"": 23, ""mean_b_factor"": 15.031739069067914, ""mean_occupancy"": 1.0, ""minimum_occupancy"": 1.0, ""protein_minimum_distance"": 2.6463818696476937, ""residue_number"": ""501""}]",INCLUDE,validation_quality_pass,1,single_target_record_fallback,A,501, , ,1,0.986,0.049,1.0,1.02,95.65,15.03,23.0,1.0000,0.86,2.34
16,CORE_70,120,9HVT,2026-07-15,Orotidine 5'-monophosphate decarboxylase-domain of human UMPS in complex with 6-isopropyl-UMP,1.3,0.17298,1,1,A,,A1IXW;SO4;PRO;HOH,1,A1IXW,A1IXW,"[(2~{R},3~{S},4~{R},5~{R})-5-[2,4-bis(oxidanylidene)-6-propan-2-yl-pyrimidin-1-yl]-3,4-bis(oxidanyl)oxolan-2-yl]methyl dihydrogen phosphate",C12 H19 N2 O9 P,366.261,24,CSS;HIS;LYS,,,SO4;PRO:heavy_atoms_8;HOH,INCLUDE,,UNIPROT:P11172,SELECT,,2,INCLUDE,clean_coordinate_environment,,A,501,1,24,1.0000,1.0000,14.111,,2.673,24,1,A,A:ARG:451;A:ASN:341;A:ASP:259;A:ASP:312;A:GLN:430;A:GLU:370;A:GLY:418;A:GLY:450;A:GLY:452;A:HIS:283;A:ILE:368;A:ILE:401;A:ILE:448;A:LYS:281;A:LYS:314;A:MET:371;A:PHE:310;A:PRO:417;A:SER:257;A:SER:372;A:SER:373;A:TYR:432;A:VAL:419;A:VAL:449,{},{},"[{""altlocs"": [], ""chain"": ""A"", ""component_distances"": {}, ""contact_chain_count"": 1, ""contact_chains"": [""A""], ""contact_residue_count"": 24, ""contact_residues"": [""A:ARG:451"", ""A:ASN:341"", ""A:ASP:259"", ""A:ASP:312"", ""A:GLN:430"", ""A:GLU:370"", ""A:GLY:418"", ""A:GLY:450"", ""A:GLY:452"", ""A:HIS:283"", ""A:ILE:368"", ""A:ILE:401"", ""A:ILE:448"", ""A:LYS:281"", ""A:LYS:314"", ""A:MET:371"", ""A:PHE:310"", ""A:PRO:417"", ""A:SER:257"", ""A:SER:372"", ""A:SER:373"", ""A:TYR:432"", ""A:VAL:419"", ""A:VAL:449""], ""heavy_atoms"": 24, ""mean_b_factor"": 14.110833326975504, ""mean_occupancy"": 1.0, ""minimum_occupancy"": 1.0, ""protein_minimum_distance"": 2.673016834963817, ""residue_number"": ""501""}]",INCLUDE,validation_quality_pass,1,single_target_record_fallback,A,501, , ,1,0.989,0.039,1.0,0.998,91.67,14.11,24.0,1.0000,1.58,2.59
17,CORE_70,143,9TF9,2026-07-15,PDGFRA-G680R mutant kinase domain in complex with avapritinib,2.2,0.2398,1,1,A,,9JI;HOH,1,9JI,9JI,Avapritinib,C26 H27 F N10,498.558,37,,,,HOH,INCLUDE,,UNIPROT:P16234,SELECT,,1,INCLUDE,clean_coordinate_environment,,A,1001,1,37,1.0000,1.0000,51.762,,2.918,24,1,A,A:ALA:625;A:ARG:597;A:ARG:680;A:ASP:836;A:CYS:677;A:CYS:835;A:GLU:675;A:GLY:600;A:GLY:602;A:GLY:605;A:LEU:599;A:LEU:629;A:LEU:641;A:LEU:825;A:LYS:606;A:LYS:627;A:MET:628;A:PHE:678;A:SER:601;A:THR:674;A:TYR:676;A:TYR:679;A:VAL:607;A:VAL:658,{},{},"[{""altlocs"": [], ""chain"": ""A"", ""component_distances"": {}, ""contact_chain_count"": 1, ""contact_chains"": [""A""], ""contact_residue_count"": 24, ""contact_residues"": [""A:ALA:625"", ""A:ARG:597"", ""A:ARG:680"", ""A:ASP:836"", ""A:CYS:677"", ""A:CYS:835"", ""A:GLU:675"", ""A:GLY:600"", ""A:GLY:602"", ""A:GLY:605"", ""A:LEU:599"", ""A:LEU:629"", ""A:LEU:641"", ""A:LEU:825"", ""A:LYS:606"", ""A:LYS:627"", ""A:MET:628"", ""A:PHE:678"", ""A:SER:601"", ""A:THR:674"", ""A:TYR:676"", ""A:TYR:679"", ""A:VAL:607"", ""A:VAL:658""], ""heavy_atoms"": 37, ""mean_b_factor"": 51.76206135105442, ""mean_occupancy"": 1.0, ""minimum_occupancy"": 1.0, ""protein_minimum_distance"": 2.918286749036153, ""residue_number"": ""1001""}]",INCLUDE,validation_quality_pass,1,single_target_record_fallback,A,1001, , ,1,0.935,0.104,1.0,0.566,51.35,51.76,37.0,1.0000,3.27,2.91
18,CORE_70,144,9TFB,2026-07-15,"PDGFRA-G680R mutant kinase domain in complex with a 6,7-bis(2-methoxyethoxy)quinazoline-based compound (44)",2.0,0.2169,1,1,A,,A1JVS;HOH,1,A1JVS,A1JVS,"(1~{S})-1-[2-[4-[6,7-bis(2-methoxyethoxy)quinazolin-4-yl]piperazin-1-yl]pyrimidin-5-yl]-1-(4-fluorophenyl)ethanamine",C30 H36 F N7 O4,577.65,42,,,,HOH,INCLUDE,,UNIPROT:P16234,SELECT,,2,INCLUDE,clean_coordinate_environment,,A,1001,1,42,1.0000,1.0000,38.654,,2.902,26,1,A,A:ALA:625;A:ARG:597;A:ARG:680;A:ASP:681;A:ASP:836;A:CYS:677;A:CYS:835;A:GLU:675;A:GLY:600;A:GLY:602;A:GLY:605;A:LEU:599;A:LEU:629;A:LEU:641;A:LEU:825;A:LYS:606;A:LYS:627;A:MET:628;A:PHE:678;A:SER:601;A:THR:674;A:TYR:676;A:TYR:679;A:VAL:598;A:VAL:607;A:VAL:658,{},{},"[{""altlocs"": [], ""chain"": ""A"", ""component_distances"": {}, ""contact_chain_count"": 1, ""contact_chains"": [""A""], ""contact_residue_count"": 26, ""contact_residues"": [""A:ALA:625"", ""A:ARG:597"", ""A:ARG:680"", ""A:ASP:681"", ""A:ASP:836"", ""A:CYS:677"", ""A:CYS:835"", ""A:GLU:675"", ""A:GLY:600"", ""A:GLY:602"", ""A:GLY:605"", ""A:LEU:599"", ""A:LEU:629"", ""A:LEU:641"", ""A:LEU:825"", ""A:LYS:606"", ""A:LYS:627"", ""A:MET:628"", ""A:PHE:678"", ""A:SER:601"", ""A:THR:674"", ""A:TYR:676"", ""A:TYR:679"", ""A:VAL:598"", ""A:VAL:607"", ""A:VAL:658""], ""heavy_atoms"": 42, ""mean_b_factor"": 38.65381268092564, ""mean_occupancy"": 1.0, ""minimum_occupancy"": 1.0, ""protein_minimum_distance"": 2.9016615246613444, ""residue_number"": ""1001""}]",INCLUDE,validation_quality_pass,1,single_target_record_fallback,A,1001, , ,1,0.958,0.074,1.0,0.787,76.19,38.65,42.0,1.0000,1.74,1.85
19,CORE_70,160,9Y57,2026-07-15,Co-crystal structure of BTK kinase domain with non-covalent inhibitor,1.4,0.1724,1,1,A,,IMD;A1CSJ;HOH,1,A1CSJ,A1CSJ,1-{4-[(5-fluoro-2-methoxybenzamido)methyl]phenyl}-4-({6-[(1S)-1-hydroxyethyl]-5-[(2S)-2-methyl-4-(oxetan-3-yl)piperazin-1-yl]pyridin-2-yl}amino)-1H-pyrazole-5-carboxamide,C34 H39 F N8 O5,658.722,48,,,,IMD:heavy_atoms_5;HOH,INCLUDE,,UNIPROT:Q06187,SELECT,,1,INCLUDE,clean_coordinate_environment,,A,702,1,48,1.0000,1.0000,15.052,,2.847,28,1,A,A:ALA:428;A:ALA:478;A:ASN:479;A:ASN:484;A:ASP:539;A:CYS:481;A:GLN:459;A:GLU:475;A:GLY:409;A:GLY:480;A:GLY:541;A:ILE:429;A:ILE:472;A:LEU:408;A:LEU:460;A:LEU:528;A:LEU:542;A:LYS:406;A:LYS:430;A:MET:449;A:MET:477;A:PHE:442;A:PHE:540;A:SER:538;A:THR:474;A:TYR:476;A:VAL:416;A:VAL:458,{},{},"[{""altlocs"": [], ""chain"": ""A"", ""component_distances"": {}, ""contact_chain_count"": 1, ""contact_chains"": [""A""], ""contact_residue_count"": 28, ""contact_residues"": [""A:ALA:428"", ""A:ALA:478"", ""A:ASN:479"", ""A:ASN:484"", ""A:ASP:539"", ""A:CYS:481"", ""A:GLN:459"", ""A:GLU:475"", ""A:GLY:409"", ""A:GLY:480"", ""A:GLY:541"", ""A:ILE:429"", ""A:ILE:472"", ""A:LEU:408"", ""A:LEU:460"", ""A:LEU:528"", ""A:LEU:542"", ""A:LYS:406"", ""A:LYS:430"", ""A:MET:449"", ""A:MET:477"", ""A:PHE:442"", ""A:PHE:540"", ""A:SER:538"", ""A:THR:474"", ""A:TYR:476"", ""A:VAL:416"", ""A:VAL:458""], ""heavy_atoms"": 48, ""mean_b_factor"": 15.052062471707663, ""mean_occupancy"": 1.0, ""minimum_occupancy"": 1.0, ""protein_minimum_distance"": 2.8470245871786934, ""residue_number"": ""702""}]",INCLUDE,validation_quality_pass,1,single_target_record_fallback,A,702, , ,1,0.963,0.067,1.0,0.883,87.5,15.05,48.0,1.0000,0.64,1.25
20,CORE_70,161,9Y5A,2026-07-15,Co-crystal structure of BTK kinase domain with non-covalent inhibitor,1.7,0.1752,1,1,A,,IMD;PG4;A1CSK;EDO;HOH,1,A1CSK,A1CSK,1-{4-[(5-fluoro-2-methoxybenzamido)methyl]phenyl}-4-({5-[(2S)-2-methyl-4-(oxetan-3-yl)piperazin-1-yl]pyridin-2-yl}amino)-1H-pyrazole-5-carboxamide,C32 H35 F N8 O4,614.67,45,,,,IMD:heavy_atoms_5;PG4;EDO;HOH,INCLUDE,,UNIPROT:Q06187,SELECT,,2,INCLUDE,clean_coordinate_environment,,A,703,1,45,1.0000,1.0000,15.018,,2.829,26,1,A,A:ALA:428;A:ALA:478;A:ASN:479;A:ASP:539;A:CYS:481;A:GLN:459;A:GLU:475;A:GLY:480;A:GLY:541;A:ILE:429;A:ILE:472;A:LEU:408;A:LEU:460;A:LEU:528;A:LEU:542;A:LYS:406;A:LYS:430;A:MET:449;A:MET:477;A:PHE:442;A:PHE:540;A:SER:538;A:THR:474;A:TYR:476;A:VAL:416;A:VAL:458,{},{},"[{""altlocs"": [], ""chain"": ""A"", ""component_distances"": {}, ""contact_chain_count"": 1, ""contact_chains"": [""A""], ""contact_residue_count"": 26, ""contact_residues"": [""A:ALA:428"", ""A:ALA:478"", ""A:ASN:479"", ""A:ASP:539"", ""A:CYS:481"", ""A:GLN:459"", ""A:GLU:475"", ""A:GLY:480"", ""A:GLY:541"", ""A:ILE:429"", ""A:ILE:472"", ""A:LEU:408"", ""A:LEU:460"", ""A:LEU:528"", ""A:LEU:542"", ""A:LYS:406"", ""A:LYS:430"", ""A:MET:449"", ""A:MET:477"", ""A:PHE:442"", ""A:PHE:540"", ""A:SER:538"", ""A:THR:474"", ""A:TYR:476"", ""A:VAL:416"", ""A:VAL:458""], ""heavy_atoms"": 45, ""mean_b_factor"": 15.018110995822482, ""mean_occupancy"": 1.0, ""minimum_occupancy"": 1.0, ""protein_minimum_distance"": 2.8286790203202603, ""residue_number"": ""703""}]",INCLUDE,validation_quality_pass,1,single_target_record_fallback,A,703, , ,1,0.968,0.058,1.0,0.889,88.89,15.02,45.0,1.0000,0.56,1.03
21,CORE_70,183,9RQW,2026-07-08,Galectin-3 with a bound inhibitor,1.344,0.2178,1,1,A,,A1JIH;SCN;HOH,1,A1JIH,A1JIH,"(2~{R},3~{R},4~{S},5~{R},6~{S})-2-(hydroxymethyl)-6-(2-methoxyethylsulfanyl)-4-[4-[3,4,5-tris(fluoranyl)phenyl]-1,2,3-triazol-1-yl]oxane-3,5-diol",C17 H20 F3 N3 O5 S,435.418,29,,,,SCN;HOH,INCLUDE,,UNIPROT:P17931,SELECT,,1,INCLUDE,clean_coordinate_environment,,A,301,1,29,1.0000,1.0000,18.418,,2.708,14,1,A,A:ALA:146;A:ARG:144;A:ARG:162;A:ASN:160;A:ASN:174;A:ASP:239;A:GLU:184;A:GLY:182;A:GLY:238;A:HIS:158;A:ILE:145;A:SER:237;A:TRP:181;A:VAL:172,{},{},"[{""altlocs"": [], ""chain"": ""A"", ""component_distances"": {}, ""contact_chain_count"": 1, ""contact_chains"": [""A""], ""contact_residue_count"": 14, ""contact_residues"": [""A:ALA:146"", ""A:ARG:144"", ""A:ARG:162"", ""A:ASN:160"", ""A:ASN:174"", ""A:ASP:239"", ""A:GLU:184"", ""A:GLY:182"", ""A:GLY:238"", ""A:HIS:158"", ""A:ILE:145"", ""A:SER:237"", ""A:TRP:181"", ""A:VAL:172""], ""heavy_atoms"": 29, ""mean_b_factor"": 18.41793106342184, ""mean_occupancy"": 1.0, ""minimum_occupancy"": 1.0, ""protein_minimum_distance"": 2.7084344186263776, ""residue_number"": ""301""}]",INCLUDE,validation_quality_pass,1,single_target_record_fallback,A,301, , ,1,0.938,0.09,1.0,0.584,82.76,18.42,29.0,1.0000,0.22,0.41
22,CORE_70,184,9RQX,2026-07-08,Galectin-3 with a bound inhibitor,1.398,0.2028,1,1,A,,A1JII;SCN;HOH,1,A1JII,A1JII,"~{N}-ethyl-2-[(2~{S},3~{R},4~{S},5~{R},6~{R})-6-(hydroxymethyl)-3,5-bis(oxidanyl)-4-[4-[3,4,5-tris(fluoranyl)phenyl]-1,2,3-triazol-1-yl]oxan-2-yl]sulfanyl-~{N}-methyl-ethanamide",C19 H23 F3 N4 O5 S,476.47,32,,,,SCN;HOH,INCLUDE,,UNIPROT:P17931,SELECT,,2,INCLUDE,clean_coordinate_environment,,A,301,1,32,1.0000,1.0000,18.015,,2.667,13,1,A,A:ALA:146;A:ARG:144;A:ARG:162;A:ASN:160;A:ASN:174;A:ASP:239;A:GLU:184;A:GLY:238;A:HIS:158;A:ILE:145;A:SER:237;A:TRP:181;A:VAL:172,{},{},"[{""altlocs"": [], ""chain"": ""A"", ""component_distances"": {}, ""contact_chain_count"": 1, ""contact_chains"": [""A""], ""contact_residue_count"": 13, ""contact_residues"": [""A:ALA:146"", ""A:ARG:144"", ""A:ARG:162"", ""A:ASN:160"", ""A:ASN:174"", ""A:ASP:239"", ""A:GLU:184"", ""A:GLY:238"", ""A:HIS:158"", ""A:ILE:145"", ""A:SER:237"", ""A:TRP:181"", ""A:VAL:172""], ""heavy_atoms"": 32, ""mean_b_factor"": 18.014999955892563, ""mean_occupancy"": 1.0, ""minimum_occupancy"": 1.0, ""protein_minimum_distance"": 2.667100860485032, ""residue_number"": ""301""}]",INCLUDE,validation_quality_pass,1,single_target_record_fallback,A,301, , ,1,0.906,0.121,1.0,0.369,78.12,18.01,32.0,1.0000,0.31,0.57
23,CORE_70,231,9PPL,2026-07-01,Structure of STING in complex with MK-2118,2.01,0.1857,1,1,A,,A1CIY;HOH,1,A1CIY,A1CIY,"(2S)-4-(5,6-dimethoxy-1-benzothiophen-2-yl)-2-methyl-4-oxobutanoic acid",C15 H16 O5 S,308.35,21,,,,HOH,INCLUDE,,UNIPROT:Q86WV6,SELECT,,2,INCLUDE,clean_coordinate_environment,,A,401,1,21,1.0000,1.0000,28.770,,2.702,10,1,A,A:ARG:238;A:GLU:260;A:GLY:166;A:LEU:159;A:PRO:264;A:SER:162;A:THR:263;A:TYR:163;A:TYR:167;A:TYR:261,{},{},"[{""altlocs"": [], ""chain"": ""A"", ""component_distances"": {}, ""contact_chain_count"": 1, ""contact_chains"": [""A""], ""contact_residue_count"": 10, ""contact_residues"": [""A:ARG:238"", ""A:GLU:260"", ""A:GLY:166"", ""A:LEU:159"", ""A:PRO:264"", ""A:SER:162"", ""A:THR:263"", ""A:TYR:163"", ""A:TYR:167"", ""A:TYR:261""], ""heavy_atoms"": 21, ""mean_b_factor"": 28.770000457763672, ""mean_occupancy"": 1.0, ""minimum_occupancy"": 1.0, ""protein_minimum_distance"": 2.702091227179422, ""residue_number"": ""401""}]",INCLUDE,validation_quality_pass,1,single_target_record_fallback,A,401, , ,1,0.979,0.046,1.0,0.988,95.24,28.88,36.0,1.7143,0.95,1.01
24,CORE_70,241,24WC,2026-06-24,Crystal structure of Haspin (GSG2) with an ATP-mimicking inhibitor LJ-5242,1.88,0.2071,1,1,A,,A1MFT;HOH,1,A1MFT,A1MFT,"4-azanyl-7-[(2~{R},3~{R},4~{S},5~{R})-3,4-bis(oxidanyl)-5-[(sulfamoylamino)methyl]thiolan-2-yl]-5-ethynyl-pyrrolo[2,3-d]pyrimidine",C13 H16 N6 O4 S2,384.434,25,,,,HOH,INCLUDE,,UNIPROT:Q8TF76,SELECT,,1,INCLUDE,clean_coordinate_environment,,A,801,1,25,1.0000,1.0000,31.568,,2.724,20,1,A,A:ALA:509;A:ASN:654;A:ASP:611;A:ASP:687;A:GLU:492;A:GLU:606;A:GLY:491;A:GLY:608;A:GLY:609;A:GLY:653;A:HIS:651;A:ILE:490;A:ILE:557;A:ILE:686;A:LEU:656;A:LYS:511;A:PHE:495;A:PHE:605;A:PHE:607;A:VAL:498,{},{},"[{""altlocs"": [], ""chain"": ""A"", ""component_distances"": {}, ""contact_chain_count"": 1, ""contact_chains"": [""A""], ""contact_residue_count"": 20, ""contact_residues"": [""A:ALA:509"", ""A:ASN:654"", ""A:ASP:611"", ""A:ASP:687"", ""A:GLU:492"", ""A:GLU:606"", ""A:GLY:491"", ""A:GLY:608"", ""A:GLY:609"", ""A:GLY:653"", ""A:HIS:651"", ""A:ILE:490"", ""A:ILE:557"", ""A:ILE:686"", ""A:LEU:656"", ""A:LYS:511"", ""A:PHE:495"", ""A:PHE:605"", ""A:PHE:607"", ""A:VAL:498""], ""heavy_atoms"": 25, ""mean_b_factor"": 31.568108444213866, ""mean_occupancy"": 1.0, ""minimum_occupancy"": 1.0, ""protein_minimum_distance"": 2.723672398288752, ""residue_number"": ""801""}]",INCLUDE,validation_quality_pass,1,single_target_record_fallback,A,801, , ,1,0.927,0.104,1.0,0.722,72.0,34.06,41.0,1.6400,7.38,3.46
25,CORE_70,309,9HM1,2026-06-17,Crystal structure of GSK3b in complex with N-(4-{5-[(2-aminoethyl)sulfamoyl]thiophen-2-yl}pyridin-2-yl)cyclopropanecarboxamide inhibitor,2.45,0.2628,1,1,A,,A1IV9;HOH,1,A1IV9,A1IV9,N-(4-{5-[(2-aminoethyl)sulfamoyl]thiophen-2-yl}pyridin-2-yl)cyclopropanecarboxamide,C15 H18 N4 O3 S2,366.458,24,ILE;PTR;SER,,,HOH,INCLUDE,,UNIPROT:P49841,SELECT,,1,INCLUDE,clean_coordinate_environment,,A,401,1,24,1.0000,1.0000,89.813,,2.746,19,1,A,A:ALA:83;A:ARG:141;A:ASN:186;A:ASP:133;A:ASP:200;A:CYS:199;A:GLN:185;A:GLU:137;A:ILE:62;A:LEU:132;A:LEU:188;A:LYS:85;A:PHE:67;A:PRO:136;A:THR:138;A:TYR:134;A:VAL:110;A:VAL:135;A:VAL:70,{},{},"[{""altlocs"": [], ""chain"": ""A"", ""component_distances"": {}, ""contact_chain_count"": 1, ""contact_chains"": [""A""], ""contact_residue_count"": 19, ""contact_residues"": [""A:ALA:83"", ""A:ARG:141"", ""A:ASN:186"", ""A:ASP:133"", ""A:ASP:200"", ""A:CYS:199"", ""A:GLN:185"", ""A:GLU:137"", ""A:ILE:62"", ""A:LEU:132"", ""A:LEU:188"", ""A:LYS:85"", ""A:PHE:67"", ""A:PRO:136"", ""A:THR:138"", ""A:TYR:134"", ""A:VAL:110"", ""A:VAL:135"", ""A:VAL:70""], ""heavy_atoms"": 24, ""mean_b_factor"": 89.81279309590657, ""mean_occupancy"": 1.0, ""minimum_occupancy"": 1.0, ""protein_minimum_distance"": 2.746341020339608, ""residue_number"": ""401""}]",INCLUDE,validation_quality_pass,1,single_target_record_fallback,A,401, , ,1,0.916,0.112,1.0,0.443,16.67,89.81,24.0,1.0000,3.24,4.08
26,CORE_70,337,13LX,2026-06-10,Structure of PKMYT1 bound to inhibitor P32-(R),2.2,0.2796,1,1,A,,A1DG5;HOH,1,A1DG5,A1DG5,"(4R)-1-cyclopentyl-4-(3-hydroxyphenyl)-1,4,5,7-tetrahydro-6H-pyrazolo[3,4-b]pyridin-6-one",C17 H19 N3 O2,297.352,22,,,,HOH,INCLUDE,,UNIPROT:Q99640,SELECT,,2,INCLUDE,clean_coordinate_environment,,A,401,1,22,1.0000,1.0000,104.378,,2.420,21,1,A,A:ALA:137;A:ALA:237;A:ASP:251;A:CYS:190;A:GLN:196;A:GLU:157;A:GLU:188;A:GLY:117;A:GLY:191;A:GLY:250;A:HIS:161;A:LEU:116;A:LEU:185;A:LEU:189;A:LYS:139;A:PHE:240;A:PHE:252;A:SER:193;A:THR:187;A:VAL:124;A:VAL:171,{},{},"[{""altlocs"": [], ""chain"": ""A"", ""component_distances"": {}, ""contact_chain_count"": 1, ""contact_chains"": [""A""], ""contact_residue_count"": 21, ""contact_residues"": [""A:ALA:137"", ""A:ALA:237"", ""A:ASP:251"", ""A:CYS:190"", ""A:GLN:196"", ""A:GLU:157"", ""A:GLU:188"", ""A:GLY:117"", ""A:GLY:191"", ""A:GLY:250"", ""A:HIS:161"", ""A:LEU:116"", ""A:LEU:185"", ""A:LEU:189"", ""A:LYS:139"", ""A:PHE:240"", ""A:PHE:252"", ""A:SER:193"", ""A:THR:187"", ""A:VAL:124"", ""A:VAL:171""], ""heavy_atoms"": 22, ""mean_b_factor"": 104.37772716175427, ""mean_occupancy"": 1.0, ""minimum_occupancy"": 1.0, ""protein_minimum_distance"": 2.4204600802326817, ""residue_number"": ""401""}]",INCLUDE,validation_quality_pass,1,single_target_record_fallback,A,401, , ,1,0.914,0.231,1.0,0.381,36.36,115.18,41.0,1.8636,2.57,3.54
27,CORE_70,429,9SUV,2026-05-27,Structure of an inhibitor of Human TGF-beta Type I Receptor,1.5,0.211,1,1,A,,A1JQO;GOL;HOH,1,A1JQO,A1JQO,~{N}-[4-[[6-(5-chloranyl-2-fluoranyl-phenyl)-3-(2-hydroxyethylsulfanyl)pyridazin-4-yl]amino]pyridin-2-yl]-3-(4-methylpiperazin-1-yl)propanamide,C25 H29 Cl F N7 O2 S,546.06,37,,,,GOL;HOH,INCLUDE,,UNIPROT:P36897,SELECT,,1,INCLUDE,clean_coordinate_environment,,A,601,1,37,1.0000,1.0000,17.381,,2.781,27,1,A,A:ALA:230;A:ALA:350;A:ASN:338;A:ASP:281;A:ASP:290;A:ASP:351;A:GLU:245;A:GLU:284;A:GLY:214;A:GLY:286;A:HIS:283;A:HIS:285;A:ILE:211;A:LEU:260;A:LEU:278;A:LEU:340;A:LYS:213;A:LYS:232;A:LYS:337;A:PHE:262;A:SER:280;A:SER:287;A:TYR:249;A:TYR:282;A:VAL:219;A:VAL:231;A:VAL:279,{},{},"[{""altlocs"": [], ""chain"": ""A"", ""component_distances"": {}, ""contact_chain_count"": 1, ""contact_chains"": [""A""], ""contact_residue_count"": 27, ""contact_residues"": [""A:ALA:230"", ""A:ALA:350"", ""A:ASN:338"", ""A:ASP:281"", ""A:ASP:290"", ""A:ASP:351"", ""A:GLU:245"", ""A:GLU:284"", ""A:GLY:214"", ""A:GLY:286"", ""A:HIS:283"", ""A:HIS:285"", ""A:ILE:211"", ""A:LEU:260"", ""A:LEU:278"", ""A:LEU:340"", ""A:LYS:213"", ""A:LYS:232"", ""A:LYS:337"", ""A:PHE:262"", ""A:SER:280"", ""A:SER:287"", ""A:TYR:249"", ""A:TYR:282"", ""A:VAL:219"", ""A:VAL:231"", ""A:VAL:279""], ""heavy_atoms"": 37, ""mean_b_factor"": 17.380540486928577, ""mean_occupancy"": 1.0, ""minimum_occupancy"": 1.0, ""protein_minimum_distance"": 2.780679413380838, ""residue_number"": ""601""}]",INCLUDE,validation_quality_pass,1,single_target_record_fallback,A,601, , ,1,0.975,0.058,1.0,0.944,89.19,17.38,37.0,1.0000,0.36,0.47
28,CORE_70,440,9VZS,2026-05-27,X-ray structure of human PPARalpha ligand binding domain-10-hydroxystearic acid (10-HSA) co-crystals obtained by cross-seeding,1.455,0.2012,1,1,A,,GOL;WAD;HOH,1,WAD,WAD,(10R)-10-hydroxyoctadecanoic acid,C18 H36 O3,300.477,21,,,,GOL;HOH,INCLUDE,,UNIPROT:Q07869,SELECT,,1,INCLUDE,clean_coordinate_environment,,A,502,1,21,1.0000,1.0000,20.835,,2.636,28,1,A,A:ALA:250;A:ALA:333;A:CYS:275;A:CYS:276;A:GLN:277;A:GLU:251;A:HIS:440;A:ILE:241;A:ILE:272;A:ILE:317;A:ILE:339;A:ILE:354;A:LEU:247;A:LEU:254;A:LEU:321;A:LEU:331;A:LEU:460;A:MET:330;A:MET:355;A:PHE:273;A:PHE:318;A:SER:280;A:THR:279;A:TYR:314;A:TYR:464;A:VAL:255;A:VAL:332;A:VAL:444,{},{},"[{""altlocs"": [], ""chain"": ""A"", ""component_distances"": {}, ""contact_chain_count"": 1, ""contact_chains"": [""A""], ""contact_residue_count"": 28, ""contact_residues"": [""A:ALA:250"", ""A:ALA:333"", ""A:CYS:275"", ""A:CYS:276"", ""A:GLN:277"", ""A:GLU:251"", ""A:HIS:440"", ""A:ILE:241"", ""A:ILE:272"", ""A:ILE:317"", ""A:ILE:339"", ""A:ILE:354"", ""A:LEU:247"", ""A:LEU:254"", ""A:LEU:321"", ""A:LEU:331"", ""A:LEU:460"", ""A:MET:330"", ""A:MET:355"", ""A:PHE:273"", ""A:PHE:318"", ""A:SER:280"", ""A:THR:279"", ""A:TYR:314"", ""A:TYR:464"", ""A:VAL:255"", ""A:VAL:332"", ""A:VAL:444""], ""heavy_atoms"": 21, ""mean_b_factor"": 20.83476180122012, ""mean_occupancy"": 1.0, ""minimum_occupancy"": 1.0, ""protein_minimum_distance"": 2.635874427965035, ""residue_number"": ""502""}]",INCLUDE,validation_quality_pass,1,single_target_record_fallback,A,502, , ,1,0.949,0.074,1.0,0.913,90.48,24.14,56.0,2.6667,0.55,1.04
29,CORE_70,441,9VZT,2026-05-27,X-ray structure of human PPARalpha ligand binding domain-10-oxostearic acid (10-oxoSA) co-crystals obtained by cross-seeding,1.475,0.2019,1,1,A,,GOL;KTC;HOH,1,KTC,KTC,10-oxooctadecanoic acid,C18 H34 O3,298.461,21,,,,GOL;HOH,INCLUDE,,UNIPROT:Q07869,SELECT,,2,INCLUDE,clean_coordinate_environment,,A,502,1,21,1.0000,1.0000,25.202,,2.623,27,1,A,A:ALA:250;A:ALA:333;A:CYS:275;A:CYS:276;A:GLN:277;A:GLU:251;A:HIS:440;A:ILE:241;A:ILE:272;A:ILE:317;A:ILE:339;A:ILE:354;A:LEU:247;A:LEU:254;A:LEU:321;A:LEU:460;A:MET:330;A:MET:355;A:PHE:273;A:PHE:318;A:SER:280;A:THR:279;A:TYR:314;A:TYR:464;A:VAL:255;A:VAL:332;A:VAL:444,{},{},"[{""altlocs"": [], ""chain"": ""A"", ""component_distances"": {}, ""contact_chain_count"": 1, ""contact_chains"": [""A""], ""contact_residue_count"": 27, ""contact_residues"": [""A:ALA:250"", ""A:ALA:333"", ""A:CYS:275"", ""A:CYS:276"", ""A:GLN:277"", ""A:GLU:251"", ""A:HIS:440"", ""A:ILE:241"", ""A:ILE:272"", ""A:ILE:317"", ""A:ILE:339"", ""A:ILE:354"", ""A:LEU:247"", ""A:LEU:254"", ""A:LEU:321"", ""A:LEU:460"", ""A:MET:330"", ""A:MET:355"", ""A:PHE:273"", ""A:PHE:318"", ""A:SER:280"", ""A:THR:279"", ""A:TYR:314"", ""A:TYR:464"", ""A:VAL:255"", ""A:VAL:332"", ""A:VAL:444""], ""heavy_atoms"": 21, ""mean_b_factor"": 25.20190493265788, ""mean_occupancy"": 1.0, ""minimum_occupancy"": 1.0, ""protein_minimum_distance"": 2.6228907716487178, ""residue_number"": ""502""}]",INCLUDE,validation_quality_pass,1,single_target_record_fallback,A,502, , ,1,0.91,0.113,1.0,0.739,52.38,29.06,54.0,2.5714,0.68,1.09
30,CORE_70,444,9ZME,2026-05-27,Structure of PTP1b complexed with difluoromethylphosphonate inhibitor Compound 2,1.73,0.2029,1,1,A,,A1C3A;HOH,1,A1C3A,A1C3A,{[3-bromo-7-(3-hydroxy-3-methylbutoxy)naphthalen-2-yl]di(fluoro)methyl}phosphonic acid,C16 H18 Br F2 O5 P,439.186,25,,,,HOH,INCLUDE,,UNIPROT:P18031,SELECT,,1,INCLUDE,clean_coordinate_environment,,A,401,1,25,1.0000,1.0000,27.124,,2.768,19,1,A,A:ALA:217;A:ARG:221;A:ARG:24;A:ASP:181;A:ASP:48;A:CYS:215;A:GLN:262;A:GLU:115;A:GLY:218;A:GLY:220;A:GLY:259;A:ILE:219;A:LYS:120;A:MET:258;A:PHE:182;A:SER:216;A:SER:222;A:TYR:46;A:VAL:49,{},{},"[{""altlocs"": [], ""chain"": ""A"", ""component_distances"": {}, ""contact_chain_count"": 1, ""contact_chains"": [""A""], ""contact_residue_count"": 19, ""contact_residues"": [""A:ALA:217"", ""A:ARG:221"", ""A:ARG:24"", ""A:ASP:181"", ""A:ASP:48"", ""A:CYS:215"", ""A:GLN:262"", ""A:GLU:115"", ""A:GLY:218"", ""A:GLY:220"", ""A:GLY:259"", ""A:ILE:219"", ""A:LYS:120"", ""A:MET:258"", ""A:PHE:182"", ""A:SER:216"", ""A:SER:222"", ""A:TYR:46"", ""A:VAL:49""], ""heavy_atoms"": 25, ""mean_b_factor"": 27.123999938964843, ""mean_occupancy"": 1.0, ""minimum_occupancy"": 1.0, ""protein_minimum_distance"": 2.767816829199504, ""residue_number"": ""401""}]",INCLUDE,validation_quality_pass,1,single_target_record_fallback,A,401, , ,1,0.976,0.074,1.0,0.976,92.0,27.12,25.0,1.0000,1.21,0.84
31,CORE_70,445,9ZMG,2026-05-27,Structure of PTP1b complexed with difluoromethylphosphonate inhibitor Compound 15,2.15,0.2537,1,1,A,,A1C3C;DMS;HOH,1,A1C3C,A1C3C,[(3-bromo-5-{[(pyridazin-3-yl)methyl]carbamoyl}-1-benzothiophen-2-yl)di(fluoro)methyl]phosphonic acid,C15 H11 Br F2 N3 O4 P S,478.205,27,,,,DMS;HOH,INCLUDE,,UNIPROT:P18031,SELECT,,2,INCLUDE,clean_coordinate_environment,,A,401,1,27,1.0000,1.0000,18.853,,2.772,16,1,A,A:ALA:217;A:ARG:221;A:ARG:45;A:ARG:47;A:ASP:181;A:ASP:48;A:CYS:215;A:GLN:262;A:GLY:218;A:GLY:220;A:ILE:219;A:PHE:182;A:SER:216;A:SER:222;A:TYR:46;A:VAL:49,{},{},"[{""altlocs"": [], ""chain"": ""A"", ""component_distances"": {}, ""contact_chain_count"": 1, ""contact_chains"": [""A""], ""contact_residue_count"": 16, ""contact_residues"": [""A:ALA:217"", ""A:ARG:221"", ""A:ARG:45"", ""A:ARG:47"", ""A:ASP:181"", ""A:ASP:48"", ""A:CYS:215"", ""A:GLN:262"", ""A:GLY:218"", ""A:GLY:220"", ""A:ILE:219"", ""A:PHE:182"", ""A:SER:216"", ""A:SER:222"", ""A:TYR:46"", ""A:VAL:49""], ""heavy_atoms"": 27, ""mean_b_factor"": 18.85296305903682, ""mean_occupancy"": 1.0, ""minimum_occupancy"": 1.0, ""protein_minimum_distance"": 2.7720836928202606, ""residue_number"": ""401""}]",INCLUDE,validation_quality_pass,1,single_target_record_fallback,A,401, , ,1,0.992,0.045,1.0,0.885,81.48,18.85,27.0,1.0000,0.48,0.6
32,CORE_70,594,9SZN,2026-05-20,Crystal structure of the catalytic domain of USP7 in complex with Compound 43,1.99,0.2263,1,1,A,,A1JSJ;HOH,1,A1JSJ,A1JSJ,"3-((7-(3-((S)-3-aminopyrrolidine-1-carbonyl)-4-methyl-6-(trifluoromethyl)pyridin-2-yl)thieno[3,2-b]pyridin-2-yl)methyl)-6,6-dimethyl-3-azabicyclo[3.1.0]hexane-2,4-dione",C27 H26 F3 N5 O3 S,557.587,39,CSO;GLN;LYS;THR;TRP;TYR;VAL,,,HOH,INCLUDE,,UNIPROT:Q93009,SELECT,,1,INCLUDE,clean_coordinate_environment,,A,601,1,39,1.0000,1.0000,37.905,,2.364,23,1,A,A:ALA:513;A:ARG:408;A:ASN:418;A:ASN:460;A:ASN:512;A:ASP:295;A:CSO:223;A:GLN:293;A:GLN:297;A:GLN:351;A:GLN:405;A:HIS:294;A:HIS:456;A:LEU:406;A:LYS:420;A:MET:292;A:MET:407;A:PHE:291;A:PHE:409;A:TYR:224;A:TYR:465;A:TYR:514;A:VAL:296,{},{},"[{""altlocs"": [], ""chain"": ""A"", ""component_distances"": {}, ""contact_chain_count"": 1, ""contact_chains"": [""A""], ""contact_residue_count"": 23, ""contact_residues"": [""A:ALA:513"", ""A:ARG:408"", ""A:ASN:418"", ""A:ASN:460"", ""A:ASN:512"", ""A:ASP:295"", ""A:CSO:223"", ""A:GLN:293"", ""A:GLN:297"", ""A:GLN:351"", ""A:GLN:405"", ""A:HIS:294"", ""A:HIS:456"", ""A:LEU:406"", ""A:LYS:420"", ""A:MET:292"", ""A:MET:407"", ""A:PHE:291"", ""A:PHE:409"", ""A:TYR:224"", ""A:TYR:465"", ""A:TYR:514"", ""A:VAL:296""], ""heavy_atoms"": 39, ""mean_b_factor"": 37.904615255502556, ""mean_occupancy"": 1.0, ""minimum_occupancy"": 1.0, ""protein_minimum_distance"": 2.3637311606864255, ""residue_number"": ""601""}]",INCLUDE,validation_quality_pass,1,single_target_record_fallback,A,601, , ,1,0.955,0.082,1.0,0.685,84.62,37.9,39.0,1.0000,6.8,2.62
33,CORE_70,599,9T9E,2026-05-20,Crystal structure of human CHD1 tandem chromodomain in complex with the ethoxyquinoline-based inhibitor 2b,1.7,0.2208,1,1,A,,A1JUQ;DMS;HOH,1,A1JUQ,A1JUQ,"~{N}2-[3-(dimethylamino)propyl]-7-ethoxy-~{N}4-[1-(phenylmethyl)piperidin-4-yl]quinoline-2,4-diamine",C28 H39 N5 O,461.642,34,,,,DMS;HOH,INCLUDE,,UNIPROT:O14646,SELECT,,1,INCLUDE,clean_coordinate_environment,,A,501,1,34,1.0000,1.0000,49.311,,2.598,11,1,A,A:ALA:427;A:ASP:408;A:ASP:425;A:GLN:341;A:GLU:272;A:HIS:329;A:LEU:428;A:LYS:431;A:TRP:322;A:TRP:325;A:TYR:295,{},{},"[{""altlocs"": [], ""chain"": ""A"", ""component_distances"": {}, ""contact_chain_count"": 1, ""contact_chains"": [""A""], ""contact_residue_count"": 11, ""contact_residues"": [""A:ALA:427"", ""A:ASP:408"", ""A:ASP:425"", ""A:GLN:341"", ""A:GLU:272"", ""A:HIS:329"", ""A:LEU:428"", ""A:LYS:431"", ""A:TRP:322"", ""A:TRP:325"", ""A:TYR:295""], ""heavy_atoms"": 34, ""mean_b_factor"": 49.311470592723175, ""mean_occupancy"": 1.0, ""minimum_occupancy"": 1.0, ""protein_minimum_distance"": 2.5983079109297273, ""residue_number"": ""501""}]",INCLUDE,validation_quality_pass,1,single_target_record_fallback,A,501, , ,1,0.88,0.116,1.0,0.638,52.94,49.31,34.0,1.0000,0.59,0.41
34,CORE_70,600,9T9F,2026-05-20,Crystal structure of human CHD1 tandem chromodomain in complex with the ethoxyquinoline-based inhibitor 2l,1.35,0.2078,1,1,A,,EDO;A1JUR;DMS;HOH,1,A1JUR,A1JUR,2-[4-(dimethylamino)piperidin-1-yl]-7-ethoxy-~{N}-[1-(phenylmethyl)piperidin-4-yl]quinolin-4-amine,C30 H41 N5 O,487.679,36,,,,EDO;DMS;HOH,INCLUDE,,UNIPROT:O14646,SELECT,,2,INCLUDE,clean_coordinate_environment,,A,502,1,36,1.0000,1.0000,30.652,,2.574,11,1,A,A:ALA:427;A:ASP:408;A:ASP:425;A:GLN:341;A:GLU:272;A:HIS:329;A:LEU:428;A:LYS:431;A:TRP:322;A:TRP:325;A:TYR:295,{},{},"[{""altlocs"": [], ""chain"": ""A"", ""component_distances"": {}, ""contact_chain_count"": 1, ""contact_chains"": [""A""], ""contact_residue_count"": 11, ""contact_residues"": [""A:ALA:427"", ""A:ASP:408"", ""A:ASP:425"", ""A:GLN:341"", ""A:GLU:272"", ""A:HIS:329"", ""A:LEU:428"", ""A:LYS:431"", ""A:TRP:322"", ""A:TRP:325"", ""A:TYR:295""], ""heavy_atoms"": 36, ""mean_b_factor"": 30.65166669421726, ""mean_occupancy"": 1.0, ""minimum_occupancy"": 1.0, ""protein_minimum_distance"": 2.5744954845561483, ""residue_number"": ""502""}]",INCLUDE,validation_quality_pass,1,single_target_record_fallback,A,502, , ,1,0.9,0.097,1.0,0.927,86.11,30.65,36.0,1.0000,0.56,0.6
35,CORE_70,633,25VX,2026-05-06,Crystal Structure of MYST histone acetyltransferase KAT6A in complex with inhibitor Compound 9,2.29,0.26583,1,1,A,,A1MGC;HOH,1,A1MGC,A1MGC,"2,6-dimethoxy-~{N}-(5-phenyl-3,4-dihydro-2~{H}-pyrano[2,3-e][1,2]benzoxazol-9-yl)benzenesulfonamide",C24 H22 N2 O6 S,466.506,33,ALY;HIS;THR,,,HOH,INCLUDE,,UNIPROT:Q9H7Z6,SELECT,,1,INCLUDE,clean_coordinate_environment,,A,900,1,33,1.0000,1.0000,31.742,,2.545,21,1,A,A:ARG:655;A:ARG:656;A:ARG:660;A:GLN:654;A:GLY:657;A:GLY:659;A:GLY:687;A:ILE:647;A:ILE:649;A:ILE:663;A:LEU:601;A:LEU:686;A:LEU:689;A:LYS:763;A:MET:648;A:PHE:600;A:SER:684;A:SER:690;A:TRP:522;A:TYR:653;A:TYR:658,{},{},"[{""altlocs"": [], ""chain"": ""A"", ""component_distances"": {}, ""contact_chain_count"": 1, ""contact_chains"": [""A""], ""contact_residue_count"": 21, ""contact_residues"": [""A:ARG:655"", ""A:ARG:656"", ""A:ARG:660"", ""A:GLN:654"", ""A:GLY:657"", ""A:GLY:659"", ""A:GLY:687"", ""A:ILE:647"", ""A:ILE:649"", ""A:ILE:663"", ""A:LEU:601"", ""A:LEU:686"", ""A:LEU:689"", ""A:LYS:763"", ""A:MET:648"", ""A:PHE:600"", ""A:SER:684"", ""A:SER:690"", ""A:TRP:522"", ""A:TYR:653"", ""A:TYR:658""], ""heavy_atoms"": 33, ""mean_b_factor"": 31.74181828354344, ""mean_occupancy"": 1.0, ""minimum_occupancy"": 1.0, ""protein_minimum_distance"": 2.5450575631997006, ""residue_number"": ""900""}]",INCLUDE,validation_quality_pass,1,single_target_record_fallback,A,900, , ,1,0.889,0.106,1.0,0.455,27.27,31.71,55.0,1.6667,2.58,3.17
36,CORE_70,640,9O7R,2026-05-06,Crystal structure of human adenosine kinase (ADK) in complex with inhibitor BKI-1553,2.41,0.2584,1,1,A,,CL;UW5;SO4;HOH,1,UW5,UW5,"1-{4-amino-3-[6-(cyclopropyloxy)naphthalen-2-yl]-1H-pyrazolo[3,4-d]pyrimidin-1-yl}-2-methylpropan-2-ol",C22 H23 N5 O2,389.45,29,,,,CL;SO4;HOH,INCLUDE,,UNIPROT:P55263,SELECT,,1,INCLUDE,clean_coordinate_environment,,A,406,1,29,1.0000,1.0000,63.408,,3.138,12,1,A,A:ALA:136;A:ASN:14;A:ASN:296;A:CYS:123;A:GLY:64;A:LEU:138;A:LEU:16;A:LEU:40;A:PHE:170;A:PHE:201;A:PHE:205;A:SER:65,{},{},"[{""altlocs"": [], ""chain"": ""A"", ""component_distances"": {}, ""contact_chain_count"": 1, ""contact_chains"": [""A""], ""contact_residue_count"": 12, ""contact_residues"": [""A:ALA:136"", ""A:ASN:14"", ""A:ASN:296"", ""A:CYS:123"", ""A:GLY:64"", ""A:LEU:138"", ""A:LEU:16"", ""A:LEU:40"", ""A:PHE:170"", ""A:PHE:201"", ""A:PHE:205"", ""A:SER:65""], ""heavy_atoms"": 29, ""mean_b_factor"": 63.40827573578933, ""mean_occupancy"": 1.0, ""minimum_occupancy"": 1.0, ""protein_minimum_distance"": 3.1383032039622942, ""residue_number"": ""406""}]",INCLUDE,validation_quality_pass,1,single_target_record_fallback,A,406, , ,1,0.946,0.115,1.0,0.567,41.38,63.41,29.0,1.0000,0.56,0.7
37,CORE_70,645,9QZR,2026-05-06,Room temperature fragment screening of soluble epoxide hydrolase by serial crystallography,1.85,0.213,1,1,A,,X8D;EDO;HOH,1,X8D,X8D,"5-METHYL[1,2,4]TRIAZOLO[4,3-A]QUINOLIN-1(2H)-ONE",C11 H9 N3 O,199.209,15,,,,EDO;HOH,INCLUDE,,UNIPROT:P34913,SELECT,,2,INCLUDE,clean_coordinate_environment,,A,601,1,15,1.0000,1.0000,60.884,,3.228,14,1,A,A:ASP:335;A:ASP:496;A:HIS:524;A:LEU:408;A:LEU:417;A:LEU:499;A:MET:419;A:PHE:267;A:PHE:387;A:PRO:268;A:TRP:525;A:TYR:383;A:TYR:466;A:VAL:498,{},{},"[{""altlocs"": [], ""chain"": ""A"", ""component_distances"": {}, ""contact_chain_count"": 1, ""contact_chains"": [""A""], ""contact_residue_count"": 14, ""contact_residues"": [""A:ASP:335"", ""A:ASP:496"", ""A:HIS:524"", ""A:LEU:408"", ""A:LEU:417"", ""A:LEU:499"", ""A:MET:419"", ""A:PHE:267"", ""A:PHE:387"", ""A:PRO:268"", ""A:TRP:525"", ""A:TYR:383"", ""A:TYR:466"", ""A:VAL:498""], ""heavy_atoms"": 15, ""mean_b_factor"": 60.88400039672852, ""mean_occupancy"": 1.0, ""minimum_occupancy"": 1.0, ""protein_minimum_distance"": 3.227563477299864, ""residue_number"": ""601""}]",INCLUDE,validation_quality_pass,1,single_target_record_fallback,A,601, , ,1,0.874,0.111,1.0,0.604,33.33,60.88,15.0,1.0000,2.07,1.92
38,CORE_70,674,9RP6,2026-04-29,Crystal structure of covalent PDE6delta adduct modified by compound 13b,1.8,0.2279,1,1,A,,A1JIC;GOL;HOH,1,A1JIC,A1JIC,"4-[3,4-dimethyl-2-(4-methylphenyl)-7-oxidanylidene-pyrazolo[3,4-d]pyridazin-6-yl]-~{N}-(piperidin-4-ylmethyl)-~{N}-[(2,5,6-trimethylpyridin-3-yl)methyl]butane-1-sulfonamide",C33 H45 N7 O3 S,619.82,44,,,,GOL;HOH,INCLUDE,,UNIPROT:O43924,SELECT,,1,INCLUDE,clean_coordinate_environment,,A,201,1,44,1.0000,1.0000,43.157,,1.615,38,1,A,A:ALA:111;A:ALA:47;A:ALA:58;A:ARG:61;A:CYS:56;A:GLN:116;A:GLN:78;A:GLU:110;A:GLU:88;A:ILE:109;A:ILE:129;A:ILE:53;A:LEU:123;A:LEU:147;A:LEU:17;A:LEU:22;A:LEU:38;A:LEU:54;A:LEU:63;A:LEU:76;A:LEU:87;A:LYS:57;A:MET:117;A:MET:20;A:PHE:133;A:PHE:15;A:PHE:74;A:SER:115;A:SER:143;A:SER:39;A:THR:131;A:TRP:32;A:TRP:90;A:TYR:149;A:VAL:127;A:VAL:145;A:VAL:59;A:VAL:80,{},{},"[{""altlocs"": [], ""chain"": ""A"", ""component_distances"": {}, ""contact_chain_count"": 1, ""contact_chains"": [""A""], ""contact_residue_count"": 38, ""contact_residues"": [""A:ALA:111"", ""A:ALA:47"", ""A:ALA:58"", ""A:ARG:61"", ""A:CYS:56"", ""A:GLN:116"", ""A:GLN:78"", ""A:GLU:110"", ""A:GLU:88"", ""A:ILE:109"", ""A:ILE:129"", ""A:ILE:53"", ""A:LEU:123"", ""A:LEU:147"", ""A:LEU:17"", ""A:LEU:22"", ""A:LEU:38"", ""A:LEU:54"", ""A:LEU:63"", ""A:LEU:76"", ""A:LEU:87"", ""A:LYS:57"", ""A:MET:117"", ""A:MET:20"", ""A:PHE:133"", ""A:PHE:15"", ""A:PHE:74"", ""A:SER:115"", ""A:SER:143"", ""A:SER:39"", ""A:THR:131"", ""A:TRP:32"", ""A:TRP:90"", ""A:TYR:149"", ""A:VAL:127"", ""A:VAL:145"", ""A:VAL:59"", ""A:VAL:80""], ""heavy_atoms"": 44, ""mean_b_factor"": 43.157272512262516, ""mean_occupancy"": 1.0, ""minimum_occupancy"": 1.0, ""protein_minimum_distance"": 1.615080183767977, ""residue_number"": ""201""}]",INCLUDE,validation_quality_pass,1,single_target_record_fallback,A,201, , ,1,0.928,0.117,1.0,0.721,65.91,48.34,88.0,2.0000,0.58,0.96
39,CORE_70,718,9O73,2026-04-22,Crystal Structure of Human DAPK1 Catalytic Subunit Complexed with Compound MW01-30-035SRM,1.49,0.1909,1,1,A,,86Q;SO4;HOH,1,86Q,86Q,"5,6-Dihydro-benzo[H]cinnolin-3-ylamine",C12 H11 N3,197.236,15,,,,SO4;HOH,INCLUDE,,UNIPROT:P53355,SELECT,,1,INCLUDE,clean_coordinate_environment,,A,301,1,15,1.0000,1.0000,33.803,,3.229,15,1,A,A:ALA:40;A:ASP:161;A:GLU:94;A:GLY:20;A:GLY:22;A:ILE:160;A:ILE:77;A:LEU:19;A:LEU:93;A:LEU:95;A:LYS:42;A:MET:146;A:SER:21;A:VAL:27;A:VAL:96,{},{},"[{""altlocs"": [], ""chain"": ""A"", ""component_distances"": {}, ""contact_chain_count"": 1, ""contact_chains"": [""A""], ""contact_residue_count"": 15, ""contact_residues"": [""A:ALA:40"", ""A:ASP:161"", ""A:GLU:94"", ""A:GLY:20"", ""A:GLY:22"", ""A:ILE:160"", ""A:ILE:77"", ""A:LEU:19"", ""A:LEU:93"", ""A:LEU:95"", ""A:LYS:42"", ""A:MET:146"", ""A:SER:21"", ""A:VAL:27"", ""A:VAL:96""], ""heavy_atoms"": 15, ""mean_b_factor"": 33.8033332824707, ""mean_occupancy"": 1.0, ""minimum_occupancy"": 1.0, ""protein_minimum_distance"": 3.2291748171940164, ""residue_number"": ""301""}]",INCLUDE,validation_quality_pass,1,single_target_record_fallback,A,301, , ,1,0.915,0.091,1.0,0.781,66.67,33.8,15.0,1.0000,1.52,1.09
40,CORE_70,719,9OLE,2026-04-22,Crystal Structure of PI5P4KIIAlpha complex with 066ATZ,2.404,0.2429,1,1,A,,SO4;A1CCL;HOH,1,A1CCL,A1CCL,"(7S)-8-cyclopentyl-5-methyl-7-[(pyridin-2-yl)methyl]-2-{[5-(1H-tetrazol-5-yl)-1,3-thiazol-2-yl]amino}-7,8-dihydropteridin-6(5H)-one",C22 H23 N11 O S,489.556,35,,,,SO4;HOH,INCLUDE,,UNIPROT:P48426,SELECT,,1,INCLUDE,clean_coordinate_environment,,A,504,1,35,1.0000,1.0000,69.049,,2.681,20,1,A,A:ARG:197;A:ASN:124;A:ASN:198;A:ASP:359;A:ILE:143;A:ILE:147;A:ILE:194;A:ILE:357;A:ILE:358;A:LEU:230;A:LEU:277;A:LEU:361;A:LYS:145;A:PHE:134;A:PHE:178;A:PHE:200;A:PRO:176;A:THR:196;A:THR:232;A:VAL:199,{},{},"[{""altlocs"": [], ""chain"": ""A"", ""component_distances"": {}, ""contact_chain_count"": 1, ""contact_chains"": [""A""], ""contact_residue_count"": 20, ""contact_residues"": [""A:ARG:197"", ""A:ASN:124"", ""A:ASN:198"", ""A:ASP:359"", ""A:ILE:143"", ""A:ILE:147"", ""A:ILE:194"", ""A:ILE:357"", ""A:ILE:358"", ""A:LEU:230"", ""A:LEU:277"", ""A:LEU:361"", ""A:LYS:145"", ""A:PHE:134"", ""A:PHE:178"", ""A:PHE:200"", ""A:PRO:176"", ""A:THR:196"", ""A:THR:232"", ""A:VAL:199""], ""heavy_atoms"": 35, ""mean_b_factor"": 69.04948545183454, ""mean_occupancy"": 1.0, ""minimum_occupancy"": 1.0, ""protein_minimum_distance"": 2.680551062748101, ""residue_number"": ""504""}]",INCLUDE,validation_quality_pass,1,single_target_record_fallback,A,504, , ,1,0.96,0.081,1.0,0.595,37.14,69.05,35.0,1.0000,1.75,2.44
41,CORE_70,768,9VGR,2026-04-22,"Crystal Structure of the NUAK1-MARK3 kinase domain chimera bound with small molecule inhibitor 4-((5-((5-chloro-4-(((3R,3aR,6R,6aR)-6-methoxyhexahydrofuro[3,2-b]furan-3-yl)oxy)pyrimidin-2-yl)amino)-2-((2-(dimethylamino)ethyl)(methyl)amino)phenyl)carbamoyl)-1-methyl-3H-pyrazol-1-ium-3-ide",2.00000662781,0.197451811828,1,1,A,,A1ER9;HOH,1,A1ER9,A1ER9,"N-[5-[[4-[[(3R,3aR,6R,6aR)-3-methoxy-2,3,3a,5,6,6a-hexahydrofuro[3,2-b]furan-6-yl]oxy]-5-chloranyl-pyrimidin-2-yl]amino]-2-[2-(dimethylamino)ethyl-methyl-amino]phenyl]-1-methyl-pyrazole-4-carboxamide",C27 H35 Cl N8 O5,587.07,41,,,,HOH,INCLUDE,,UNIPROT:P27448,SELECT,,1,INCLUDE,clean_coordinate_environment,,A,401,1,41,1.0000,1.0000,28.120,,2.625,24,1,A,A:ALA:135;A:ALA:195;A:ALA:83;A:ASN:183;A:ASP:142;A:ASP:196;A:GLU:133;A:GLU:139;A:GLU:182;A:GLY:138;A:GLY:206;A:GLY:63;A:ILE:116;A:LEU:185;A:LEU:62;A:LYS:137;A:LYS:60;A:MET:132;A:SER:136;A:THR:204;A:THR:61;A:TYR:134;A:VAL:205;A:VAL:70,{},{},"[{""altlocs"": [], ""chain"": ""A"", ""component_distances"": {}, ""contact_chain_count"": 1, ""contact_chains"": [""A""], ""contact_residue_count"": 24, ""contact_residues"": [""A:ALA:135"", ""A:ALA:195"", ""A:ALA:83"", ""A:ASN:183"", ""A:ASP:142"", ""A:ASP:196"", ""A:GLU:133"", ""A:GLU:139"", ""A:GLU:182"", ""A:GLY:138"", ""A:GLY:206"", ""A:GLY:63"", ""A:ILE:116"", ""A:LEU:185"", ""A:LEU:62"", ""A:LYS:137"", ""A:LYS:60"", ""A:MET:132"", ""A:SER:136"", ""A:THR:204"", ""A:THR:61"", ""A:TYR:134"", ""A:VAL:205"", ""A:VAL:70""], ""heavy_atoms"": 41, ""mean_b_factor"": 28.12025032973871, ""mean_occupancy"": 1.0, ""minimum_occupancy"": 1.0, ""protein_minimum_distance"": 2.6253686994591816, ""residue_number"": ""401""}]",INCLUDE,validation_quality_pass,1,single_target_record_fallback,A,401, , ,1,0.958,0.098,1.0,0.368,75.61,28.12,41.0,1.0000,3.12,2.74
42,CORE_70,784,9ORM,2026-04-15,The structure of human Vacuolar Protein Sorting 34 catalytic domain bound to RD-I-137,2.06,0.2271,1,1,A,,A1CD6;GOL;PEG;CL;HOH,1,A1CD6,A1CD6,"ethyl 2-[(8S)-pyrazolo[1,5-a]pyrimidin-3-yl]-1,3-benzothiazole-6-carboxylate",C16 H12 N4 O2 S,324.357,23,,,,GOL;PEG;CL;HOH,INCLUDE,,UNIPROT:Q8NEB9,SELECT,,1,INCLUDE,clean_coordinate_environment,,A,901,1,23,1.0000,1.0000,64.746,,2.736,16,1,A,A:ASP:747;A:GLN:683;A:GLU:692;A:ILE:634;A:ILE:685;A:ILE:760;A:LEU:750;A:LYS:613;A:MET:682;A:PHE:612;A:PHE:684;A:PHE:758;A:PRO:689;A:SER:614;A:SER:687;A:TYR:670,{},{},"[{""altlocs"": [], ""chain"": ""A"", ""component_distances"": {}, ""contact_chain_count"": 1, ""contact_chains"": [""A""], ""contact_residue_count"": 16, ""contact_residues"": [""A:ASP:747"", ""A:GLN:683"", ""A:GLU:692"", ""A:ILE:634"", ""A:ILE:685"", ""A:ILE:760"", ""A:LEU:750"", ""A:LYS:613"", ""A:MET:682"", ""A:PHE:612"", ""A:PHE:684"", ""A:PHE:758"", ""A:PRO:689"", ""A:SER:614"", ""A:SER:687"", ""A:TYR:670""], ""heavy_atoms"": 23, ""mean_b_factor"": 64.74624982087508, ""mean_occupancy"": 1.0, ""minimum_occupancy"": 1.0, ""protein_minimum_distance"": 2.735671398395648, ""residue_number"": ""901""}]",INCLUDE,validation_quality_pass,1,single_target_record_fallback,A,901, , ,1,0.909,0.121,1.0,0.421,60.87,69.07,35.0,1.5217,2.21,2.58
43,CORE_70,793,9UGF,2026-04-15,CDK2 small molecule F05,1.64,0.2523,1,1,A,,A1EO5;HOH,1,A1EO5,A1EO5,"2-[(1-methylsulfonylpiperidin-4-yl)amino]-8-[1-[[1-[(1~{S})-2-oxidanyl-1-phenyl-ethyl]-1,2,3-triazol-4-yl]methyl]piperidin-4-yl]pyrido[2,3-d]pyrimidin-7-one",C29 H37 N9 O4 S,607.727,43,,,,HOH,INCLUDE,,UNIPROT:P24941,SELECT,,1,INCLUDE,clean_coordinate_environment,,A,301,1,43,1.0000,1.0000,31.093,,2.540,20,1,A,A:ALA:144;A:ALA:31;A:ASN:132;A:ASP:145;A:ASP:86;A:GLN:131;A:GLN:85;A:GLU:12;A:GLU:81;A:GLY:11;A:HIS:84;A:ILE:10;A:LEU:134;A:LEU:83;A:LYS:89;A:LYS:9;A:PHE:80;A:PHE:82;A:VAL:18;A:VAL:64,{},{},"[{""altlocs"": [], ""chain"": ""A"", ""component_distances"": {}, ""contact_chain_count"": 1, ""contact_chains"": [""A""], ""contact_residue_count"": 20, ""contact_residues"": [""A:ALA:144"", ""A:ALA:31"", ""A:ASN:132"", ""A:ASP:145"", ""A:ASP:86"", ""A:GLN:131"", ""A:GLN:85"", ""A:GLU:12"", ""A:GLU:81"", ""A:GLY:11"", ""A:HIS:84"", ""A:ILE:10"", ""A:LEU:134"", ""A:LEU:83"", ""A:LYS:89"", ""A:LYS:9"", ""A:PHE:80"", ""A:PHE:82"", ""A:VAL:18"", ""A:VAL:64""], ""heavy_atoms"": 43, ""mean_b_factor"": 31.09348838273869, ""mean_occupancy"": 1.0, ""minimum_occupancy"": 1.0, ""protein_minimum_distance"": 2.5398131821061174, ""residue_number"": ""301""}]",INCLUDE,validation_quality_pass,1,single_target_record_fallback,A,301, , ,1,0.941,0.095,1.0,0.334,69.77,34.43,80.0,1.8605,5.23,2.76
44,CORE_70,818,9UAU,2026-04-08,CDK2_LL-DA-3,1.47,0.2188,1,1,A,,A1EOM;HOH,1,A1EOM,A1EOM,"1-[2-[6-cyano-2-[(1-methylsulfonylpiperidin-4-yl)amino]-7-oxidanylidene-pyrido[2,3-d]pyrimidin-8-yl]ethyl]guanidine",C17 H23 N9 O3 S,433.488,30,,,,HOH,INCLUDE,,UNIPROT:P24941,SELECT,,2,INCLUDE,clean_coordinate_environment,,A,301,1,30,1.0000,1.0000,18.067,,2.522,18,1,A,A:ALA:144;A:ALA:31;A:ASP:145;A:ASP:86;A:GLN:131;A:GLN:85;A:GLU:81;A:GLY:11;A:HIS:84;A:ILE:10;A:LEU:134;A:LEU:83;A:LYS:33;A:LYS:89;A:PHE:80;A:PHE:82;A:VAL:18;A:VAL:64,{},{},"[{""altlocs"": [], ""chain"": ""A"", ""component_distances"": {}, ""contact_chain_count"": 1, ""contact_chains"": [""A""], ""contact_residue_count"": 18, ""contact_residues"": [""A:ALA:144"", ""A:ALA:31"", ""A:ASP:145"", ""A:ASP:86"", ""A:GLN:131"", ""A:GLN:85"", ""A:GLU:81"", ""A:GLY:11"", ""A:HIS:84"", ""A:ILE:10"", ""A:LEU:134"", ""A:LEU:83"", ""A:LYS:33"", ""A:LYS:89"", ""A:PHE:80"", ""A:PHE:82"", ""A:VAL:18"", ""A:VAL:64""], ""heavy_atoms"": 30, ""mean_b_factor"": 18.066999912261963, ""mean_occupancy"": 1.0, ""minimum_occupancy"": 1.0, ""protein_minimum_distance"": 2.5220126883106677, ""residue_number"": ""301""}]",INCLUDE,validation_quality_pass,1,single_target_record_fallback,A,301, , ,1,0.971,0.055,1.0,0.957,93.33,20.17,53.0,1.7667,2.7,2.61
45,CORE_70,829,9Y8K,2026-04-08,Crystal structure of the Kelch domain of human KLHL12 with compound 7k,1.27,0.1914,1,1,A,,A1CTR;HOH,1,A1CTR,A1CTR,"2-(2-amino-4-methyl-1H-1,3-benzimidazol-1-yl)-N-(2,4,6-trichlorophenyl)acetamide",C16 H13 Cl3 N4 O,383.66,24,,,,HOH,INCLUDE,,UNIPROT:Q53G59,SELECT,,1,INCLUDE,clean_coordinate_environment,,A,601,1,24,1.0000,1.0000,9.343,,2.857,12,1,A,A:ARG:320;A:CYS:511;A:CYS:558;A:HIS:486;A:ILE:439;A:LEU:533;A:PHE:289;A:PHE:481;A:SER:464;A:TYR:434;A:TYR:512;A:TYR:528,{},{},"[{""altlocs"": [], ""chain"": ""A"", ""component_distances"": {}, ""contact_chain_count"": 1, ""contact_chains"": [""A""], ""contact_residue_count"": 12, ""contact_residues"": [""A:ARG:320"", ""A:CYS:511"", ""A:CYS:558"", ""A:HIS:486"", ""A:ILE:439"", ""A:LEU:533"", ""A:PHE:289"", ""A:PHE:481"", ""A:SER:464"", ""A:TYR:434"", ""A:TYR:512"", ""A:TYR:528""], ""heavy_atoms"": 24, ""mean_b_factor"": 9.342916587988535, ""mean_occupancy"": 1.0, ""minimum_occupancy"": 1.0, ""protein_minimum_distance"": 2.8568447630209093, ""residue_number"": ""601""}]",INCLUDE,validation_quality_pass,1,single_target_record_fallback,A,601, , ,1,0.974,0.063,1.0,0.892,87.5,9.34,24.0,1.0000,0.56,1.12
46,CORE_70,830,9Y8L,2026-04-08,Crystal structure of the Kelch domain of human KLHL12 with compound 8e,1.27,0.1927,1,1,A,,A1CTQ;HOH,1,A1CTQ,A1CTQ,"2-(2-amino-5,6-dimethyl-1H-1,3-benzimidazol-1-yl)-N-(2,4,6-trichlorophenyl)acetamide",C17 H15 Cl3 N4 O,397.686,25,,,,HOH,INCLUDE,,UNIPROT:Q53G59,SELECT,,2,INCLUDE,clean_coordinate_environment,,A,601,1,25,1.0000,1.0000,12.265,,2.883,14,1,A,A:ARG:320;A:CYS:511;A:CYS:558;A:GLU:417;A:GLY:465;A:HIS:486;A:ILE:439;A:LEU:533;A:PHE:289;A:PHE:481;A:SER:464;A:TYR:434;A:TYR:512;A:TYR:528,{},{},"[{""altlocs"": [], ""chain"": ""A"", ""component_distances"": {}, ""contact_chain_count"": 1, ""contact_chains"": [""A""], ""contact_residue_count"": 14, ""contact_residues"": [""A:ARG:320"", ""A:CYS:511"", ""A:CYS:558"", ""A:GLU:417"", ""A:GLY:465"", ""A:HIS:486"", ""A:ILE:439"", ""A:LEU:533"", ""A:PHE:289"", ""A:PHE:481"", ""A:SER:464"", ""A:TYR:434"", ""A:TYR:512"", ""A:TYR:528""], ""heavy_atoms"": 25, ""mean_b_factor"": 12.264799957275391, ""mean_occupancy"": 1.0, ""minimum_occupancy"": 1.0, ""protein_minimum_distance"": 2.8827247527296107, ""residue_number"": ""601""}]",INCLUDE,validation_quality_pass,1,single_target_record_fallback,A,601, , ,1,0.95,0.078,1.0,0.9,92.0,12.26,25.0,1.0000,0.37,0.76
47,CORE_70,843,9ZXM,2026-04-08,DDB1 delta with compound 6,2.195,0.2461,1,1,A,,A1C4E;GOL;HOH,1,A1C4E,A1C4E,"(3S,5S)-1-{(4P)-4-(2,2-difluoro-2H-1,3-benzodioxol-4-yl)-3-[(propan-2-yl)oxy]benzene-1-carbonyl}-N-methyl-5-phenylpiperidine-3-carboxamide",C30 H30 F2 N2 O5,536.566,39,,,,GOL;HOH,INCLUDE,,UNIPROT:Q16531,SELECT,,1,INCLUDE,clean_coordinate_environment,,A,1201,1,39,1.0000,1.0000,55.244,,3.073,26,1,A,A:ALA:946;A:ARG:947;A:ASN:964;A:ASP:948;A:ASP:961;A:ASP:962;A:ASP:963;A:CYS:977;A:GLN:978;A:GLN:990;A:GLY:918;A:HIS:991;A:ILE:921;A:ILE:945;A:ILE:959;A:LEU:922;A:LEU:931;A:LEU:932;A:LEU:992;A:LYS:915;A:LYS:917;A:LYS:979;A:PHE:920;A:PHE:965;A:THR:916;A:VAL:930,{},{},"[{""altlocs"": [], ""chain"": ""A"", ""component_distances"": {}, ""contact_chain_count"": 1, ""contact_chains"": [""A""], ""contact_residue_count"": 26, ""contact_residues"": [""A:ALA:946"", ""A:ARG:947"", ""A:ASN:964"", ""A:ASP:948"", ""A:ASP:961"", ""A:ASP:962"", ""A:ASP:963"", ""A:CYS:977"", ""A:GLN:978"", ""A:GLN:990"", ""A:GLY:918"", ""A:HIS:991"", ""A:ILE:921"", ""A:ILE:945"", ""A:ILE:959"", ""A:LEU:922"", ""A:LEU:931"", ""A:LEU:932"", ""A:LEU:992"", ""A:LYS:915"", ""A:LYS:917"", ""A:LYS:979"", ""A:PHE:920"", ""A:PHE:965"", ""A:THR:916"", ""A:VAL:930""], ""heavy_atoms"": 39, ""mean_b_factor"": 55.24392308944311, ""mean_occupancy"": 1.0, ""minimum_occupancy"": 1.0, ""protein_minimum_distance"": 3.0733244215344415, ""residue_number"": ""1201""}]",INCLUDE,validation_quality_pass,1,single_target_record_fallback,A,1201, , ,1,0.905,0.11,1.0,0.197,30.77,56.35,69.0,1.7692,2.37,2.64
48,CORE_70,844,9ZXN,2026-04-08,DDB1 delta with compound 26,2.07,0.2353,1,1,A,,A1C4F;GOL;HOH,1,A1C4F,A1C4F,"(3S,5S)-1-{(4P)-4-(2,2-difluoro-2H-1,3-benzodioxol-4-yl)-1-methyl-5-[(propan-2-yl)oxy]-1H-1,3-benzimidazole-7-carbonyl}-N-methyl-5-phenylpiperidine-3-carboxamide",C32 H32 F2 N4 O5,590.617,43,,,,GOL;HOH,INCLUDE,,UNIPROT:Q16531,SELECT,,2,INCLUDE,clean_coordinate_environment,,A,1201,1,43,1.0000,1.0000,48.090,,2.458,27,1,A,A:ALA:946;A:ARG:947;A:ARG:989;A:ASN:964;A:ASP:948;A:ASP:961;A:ASP:962;A:ASP:963;A:CYS:977;A:GLN:978;A:GLN:990;A:GLY:918;A:HIS:991;A:ILE:921;A:ILE:945;A:ILE:959;A:LEU:922;A:LEU:931;A:LEU:932;A:LEU:992;A:LYS:915;A:LYS:917;A:LYS:979;A:PHE:920;A:PHE:965;A:THR:916;A:VAL:930,{},{},"[{""altlocs"": [], ""chain"": ""A"", ""component_distances"": {}, ""contact_chain_count"": 1, ""contact_chains"": [""A""], ""contact_residue_count"": 27, ""contact_residues"": [""A:ALA:946"", ""A:ARG:947"", ""A:ARG:989"", ""A:ASN:964"", ""A:ASP:948"", ""A:ASP:961"", ""A:ASP:962"", ""A:ASP:963"", ""A:CYS:977"", ""A:GLN:978"", ""A:GLN:990"", ""A:GLY:918"", ""A:HIS:991"", ""A:ILE:921"", ""A:ILE:945"", ""A:ILE:959"", ""A:LEU:922"", ""A:LEU:931"", ""A:LEU:932"", ""A:LEU:992"", ""A:LYS:915"", ""A:LYS:917"", ""A:LYS:979"", ""A:PHE:920"", ""A:PHE:965"", ""A:THR:916"", ""A:VAL:930""], ""heavy_atoms"": 43, ""mean_b_factor"": 48.089720881262494, ""mean_occupancy"": 1.0, ""minimum_occupancy"": 1.0, ""protein_minimum_distance"": 2.458002034173283, ""residue_number"": ""1201""}]",INCLUDE,validation_quality_pass,1,single_target_record_fallback,A,1201, , ,1,0.928,0.096,1.0,0.568,44.19,49.03,75.0,1.7442,2.26,2.97
49,CORE_70,845,10MV,2026-04-01,"N-Alkyl &amp; N-Aryl Aminopyrazole Spirocarbamates: A Two-Pronged Lead Optimization Strategy to Identify Orally Bioavailable Plasma Kallikrein Inhibitors complex with Compound 15 ((3'R)-1'-(5-amino-1-phenyl-1H-pyrazole-4-carbonyl)-6-chloro-5-fluorospiro[[3,1]benzoxazine-4,3'-piperidin]-2(1H)-one)",1.66,0.2263,1,1,A,,MES;A1C6X;NAG;HOH,1,A1C6X,A1C6X,"(3'R)-1'-(5-amino-1-phenyl-1H-pyrazole-4-carbonyl)-6-chloro-5-fluorospiro[[3,1]benzoxazine-4,3'-piperidin]-2(1H)-one",C22 H19 Cl F N5 O3,455.869,32,ASN;NAG,,,MES;NAG;HOH,INCLUDE,,UNIPROT:P03952,SELECT,,1,INCLUDE,clean_coordinate_environment,,A,702,1,32,0.9700,0.9700,17.819,,2.834,20,1,A,A:ALA:573;A:ASP:572;A:ASP:577;A:CYS:419;A:CYS:574;A:CYS:602;A:GLU:600;A:GLY:576;A:GLY:599;A:GLY:601;A:GLY:609;A:HIS:417;A:LEU:418;A:LYS:575;A:SER:578;A:SER:597;A:THR:596;A:TRP:598;A:TYR:611;A:VAL:610,{},{},"[{""altlocs"": [], ""chain"": ""A"", ""component_distances"": {}, ""contact_chain_count"": 1, ""contact_chains"": [""A""], ""contact_residue_count"": 20, ""contact_residues"": [""A:ALA:573"", ""A:ASP:572"", ""A:ASP:577"", ""A:CYS:419"", ""A:CYS:574"", ""A:CYS:602"", ""A:GLU:600"", ""A:GLY:576"", ""A:GLY:599"", ""A:GLY:601"", ""A:GLY:609"", ""A:HIS:417"", ""A:LEU:418"", ""A:LYS:575"", ""A:SER:578"", ""A:SER:597"", ""A:THR:596"", ""A:TRP:598"", ""A:TYR:611"", ""A:VAL:610""], ""heavy_atoms"": 32, ""mean_b_factor"": 17.81932407617569, ""mean_occupancy"": 0.9700000286102295, ""minimum_occupancy"": 0.9700000286102295, ""protein_minimum_distance"": 2.8340695122032553, ""residue_number"": ""702""}]",INCLUDE,validation_quality_pass,1,single_target_record_fallback,A,702, , ,1,0.861,0.099,0.97,0.838,78.12,10.85,51.0,1.5938,0.39,0.69
50,CORE_70,901,9MAW,2026-03-18,Crystal structure of TOPBP1BRCT7-8 domain in complex with 1-Adamantaneacetic acid,2.45,0.2368,1,1,A,,A1ENP;HOH,1,A1ENP,A1ENP,1-Adamantylacetic acid,C12 H18 O2,194.27,14,,,,HOH,INCLUDE,,UNIPROT:Q92547,SELECT,,1,INCLUDE,clean_coordinate_environment,,A,1501,1,14,1.0000,1.0000,45.416,,2.978,9,1,A,A:ALA:1470;A:ARG:1314;A:ARG:1407;A:ASN:1315;A:GLU:1316;A:GLY:1410;A:LEU:1319;A:LEU:1414;A:PHE:1411,{},{},"[{""altlocs"": [], ""chain"": ""A"", ""component_distances"": {}, ""contact_chain_count"": 1, ""contact_chains"": [""A""], ""contact_residue_count"": 9, ""contact_residues"": [""A:ALA:1470"", ""A:ARG:1314"", ""A:ARG:1407"", ""A:ASN:1315"", ""A:GLU:1316"", ""A:GLY:1410"", ""A:LEU:1319"", ""A:LEU:1414"", ""A:PHE:1411""], ""heavy_atoms"": 14, ""mean_b_factor"": 45.41642802102225, ""mean_occupancy"": 1.0, ""minimum_occupancy"": 1.0, ""protein_minimum_distance"": 2.9777432730173383, ""residue_number"": ""1501""}]",INCLUDE,validation_quality_pass,1,single_target_record_fallback,A,1501, , ,1,0.862,0.148,1.0,0.296,7.14,45.42,14.0,1.0000,2.32,2.38
51,CORE_70,913,9QDY,2026-03-18,GID4 in complex with Compound 9,2.1,0.25414,1,1,A,,A1I6B;HOH,1,A1I6B,A1I6B,~{N}-[3-fluoranyl-5-(5-methylfuran-2-yl)phenyl]-4-methyl-piperidine-1-carboximidamide,C18 H22 F N3 O,315.385,23,,,,HOH,INCLUDE,,UNIPROT:Q8IVV7,SELECT,,2,INCLUDE,clean_coordinate_environment,,A,301,1,23,1.0000,1.0000,38.885,,2.664,17,1,A,A:GLN:132;A:GLN:282;A:GLU:237;A:ILE:161;A:ILE:249;A:LEU:159;A:LEU:171;A:LEU:240;A:PHE:254;A:SER:134;A:SER:253;A:THR:172;A:THR:173;A:TYR:139;A:TYR:168;A:TYR:258;A:TYR:273,{},{},"[{""altlocs"": [], ""chain"": ""A"", ""component_distances"": {}, ""contact_chain_count"": 1, ""contact_chains"": [""A""], ""contact_residue_count"": 17, ""contact_residues"": [""A:GLN:132"", ""A:GLN:282"", ""A:GLU:237"", ""A:ILE:161"", ""A:ILE:249"", ""A:LEU:159"", ""A:LEU:171"", ""A:LEU:240"", ""A:PHE:254"", ""A:SER:134"", ""A:SER:253"", ""A:THR:172"", ""A:THR:173"", ""A:TYR:139"", ""A:TYR:168"", ""A:TYR:258"", ""A:TYR:273""], ""heavy_atoms"": 23, ""mean_b_factor"": 38.8847829569941, ""mean_occupancy"": 1.0, ""minimum_occupancy"": 1.0, ""protein_minimum_distance"": 2.6637032492377966, ""residue_number"": ""301""}]",INCLUDE,validation_quality_pass,1,single_target_record_fallback,A,301, , ,1,0.94,0.077,1.0,0.244,26.09,38.88,23.0,1.0000,1.37,0.62
52,CORE_70,933,9Z1L,2026-03-18,Structure of KIT V654A mutant with Compound 1,1.543,0.2062,1,1,A,,MRD;A1CZZ;HOH,1,A1CZZ,A1CZZ,"N~2~-methyl-N~4~-{(5P)-5-(1-methyl-1H-pyrazol-4-yl)-4-[(propan-2-yl)oxy]pyridin-2-yl}pyrimidine-2,4-diamine",C17 H21 N7 O,339.395,25,,,,MRD:heavy_atoms_8;HOH,INCLUDE,,UNIPROT:A0A0U2N547,SELECT,,1,INCLUDE,clean_coordinate_environment,,A,1002,1,25,1.0000,1.0000,16.196,,2.936,20,1,A,A:ALA:621;A:ALA:654;A:ALA:814;A:ASP:677;A:ASP:810;A:CYS:673;A:CYS:674;A:CYS:809;A:GLU:640;A:GLU:671;A:GLY:596;A:GLY:676;A:LEU:595;A:LEU:799;A:LYS:623;A:PHE:811;A:THR:670;A:TYR:672;A:TYR:675;A:VAL:603,{},{},"[{""altlocs"": [], ""chain"": ""A"", ""component_distances"": {}, ""contact_chain_count"": 1, ""contact_chains"": [""A""], ""contact_residue_count"": 20, ""contact_residues"": [""A:ALA:621"", ""A:ALA:654"", ""A:ALA:814"", ""A:ASP:677"", ""A:ASP:810"", ""A:CYS:673"", ""A:CYS:674"", ""A:CYS:809"", ""A:GLU:640"", ""A:GLU:671"", ""A:GLY:596"", ""A:GLY:676"", ""A:LEU:595"", ""A:LEU:799"", ""A:LYS:623"", ""A:PHE:811"", ""A:THR:670"", ""A:TYR:672"", ""A:TYR:675"", ""A:VAL:603""], ""heavy_atoms"": 25, ""mean_b_factor"": 16.196320037841797, ""mean_occupancy"": 1.0, ""minimum_occupancy"": 1.0, ""protein_minimum_distance"": 2.9356716437639947, ""residue_number"": ""1002""}]",INCLUDE,validation_quality_pass,1,single_target_record_fallback,A,1002, , ,1,0.968,0.056,1.0,0.941,88.0,16.2,25.0,1.0000,0.38,0.91
53,CORE_70,934,9Z2S,2026-03-18,Structure of KIT V654A mutant with Compound 11,2.1,0.22993,1,1,A,,DMS;EDO;A1CZ3;HOH,1,A1CZ3,A1CZ3,6-[(6-amino-2-cyclopropylpyrimidin-4-yl)amino]-N-methyl-4-[(propan-2-yl)amino]pyridine-3-carboxamide,C17 H23 N7 O,341.411,25,,,,DMS;EDO;HOH,INCLUDE,,UNIPROT:A0A0U2N547,SELECT,,2,INCLUDE,clean_coordinate_environment,,A,1506,1,25,1.0000,1.0000,35.023,,2.859,19,1,A,A:ALA:621;A:ALA:654;A:ALA:814;A:ASP:810;A:CYS:673;A:CYS:674;A:CYS:809;A:GLU:640;A:GLU:671;A:GLY:596;A:GLY:676;A:LEU:595;A:LEU:799;A:LYS:623;A:PHE:811;A:THR:670;A:TYR:672;A:TYR:675;A:VAL:603,{},{},"[{""altlocs"": [], ""chain"": ""A"", ""component_distances"": {}, ""contact_chain_count"": 1, ""contact_chains"": [""A""], ""contact_residue_count"": 19, ""contact_residues"": [""A:ALA:621"", ""A:ALA:654"", ""A:ALA:814"", ""A:ASP:810"", ""A:CYS:673"", ""A:CYS:674"", ""A:CYS:809"", ""A:GLU:640"", ""A:GLU:671"", ""A:GLY:596"", ""A:GLY:676"", ""A:LEU:595"", ""A:LEU:799"", ""A:LYS:623"", ""A:PHE:811"", ""A:THR:670"", ""A:TYR:672"", ""A:TYR:675"", ""A:VAL:603""], ""heavy_atoms"": 25, ""mean_b_factor"": 35.02279983520508, ""mean_occupancy"": 1.0, ""minimum_occupancy"": 1.0, ""protein_minimum_distance"": 2.859414450547524, ""residue_number"": ""1506""}]",INCLUDE,validation_quality_pass,1,single_target_record_fallback,A,1506, , ,1,0.963,0.054,1.0,0.783,64.0,35.02,25.0,1.0000,0.35,0.95
54,CORE_70,935,10KZ,2026-03-11,N-Alkyl & N-Aryl Aminopyrazole Spirocarbamates: A Two-Pronged Lead Optimization Strategy to Identify Orally Bioavailable Plasma Kallikrein Inhibitors,1.78,0.197,1,1,A,,A1C6O;HOH,1,A1C6O,A1C6O,"(3'R)-1'-(1-benzyl-1H-pyrazole-4-carbonyl)-6-chloro-5-fluorospiro[[3,1]benzoxazine-4,3'-piperidin]-2(1H)-one",C23 H20 Cl F N4 O3,454.881,32,,,,HOH,INCLUDE,,UNIPROT:P03952,SELECT,,2,INCLUDE,clean_coordinate_environment,,A,801,1,32,1.0000,1.0000,23.075,,2.822,23,1,A,A:ALA:573;A:ARG:416;A:ASP:572;A:ASP:577;A:CYS:419;A:CYS:574;A:CYS:602;A:GLU:600;A:GLY:576;A:GLY:599;A:GLY:601;A:GLY:609;A:HIS:417;A:ILE:531;A:LEU:418;A:LYS:575;A:PHE:524;A:SER:578;A:SER:597;A:THR:596;A:TRP:598;A:TYR:611;A:VAL:610,{},{},"[{""altlocs"": [], ""chain"": ""A"", ""component_distances"": {}, ""contact_chain_count"": 1, ""contact_chains"": [""A""], ""contact_residue_count"": 23, ""contact_residues"": [""A:ALA:573"", ""A:ARG:416"", ""A:ASP:572"", ""A:ASP:577"", ""A:CYS:419"", ""A:CYS:574"", ""A:CYS:602"", ""A:GLU:600"", ""A:GLY:576"", ""A:GLY:599"", ""A:GLY:601"", ""A:GLY:609"", ""A:HIS:417"", ""A:ILE:531"", ""A:LEU:418"", ""A:LYS:575"", ""A:PHE:524"", ""A:SER:578"", ""A:SER:597"", ""A:THR:596"", ""A:TRP:598"", ""A:TYR:611"", ""A:VAL:610""], ""heavy_atoms"": 32, ""mean_b_factor"": 23.07538276910782, ""mean_occupancy"": 1.0, ""minimum_occupancy"": 1.0, ""protein_minimum_distance"": 2.8222962282510315, ""residue_number"": ""801""}]",INCLUDE,validation_quality_pass,1,single_target_record_fallback,A,801, , ,1,0.963,0.072,1.0,0.941,90.62,14.2,52.0,1.6250,0.75,0.76
55,CORE_70,942,22MJ,2026-03-11,Crystal structure of human INPP5K with an allosteric inhibitor reveals the structural basis for species specific potency,1.9,0.2462,1,1,A,,EDO;MLI;A1MDP;HOH,1,A1MDP,A1MDP,2-benzamido-4-phenyl-5-propan-2-yl-thiophene-3-carboxylic acid,C21 H19 N O3 S,365.445,26,,,,EDO;MLI:heavy_atoms_7;HOH,INCLUDE,,UNIPROT:Q9BT40,SELECT,,1,INCLUDE,clean_coordinate_environment,,A,407,1,26,1.0000,1.0000,30.397,,2.682,23,1,A,A:ALA:226;A:ARG:160;A:ASN:156;A:ASP:230;A:CYS:148;A:GLY:130;A:GLY:131;A:HIS:163;A:ILE:146;A:ILE:167;A:LEU:150;A:LEU:161;A:LEU:223;A:LEU:233;A:LEU:272;A:MET:193;A:PHE:164;A:PHE:195;A:PHE:236;A:PRO:119;A:THR:118;A:THR:120;A:TRP:189,{},{},"[{""altlocs"": [], ""chain"": ""A"", ""component_distances"": {}, ""contact_chain_count"": 1, ""contact_chains"": [""A""], ""contact_residue_count"": 23, ""contact_residues"": [""A:ALA:226"", ""A:ARG:160"", ""A:ASN:156"", ""A:ASP:230"", ""A:CYS:148"", ""A:GLY:130"", ""A:GLY:131"", ""A:HIS:163"", ""A:ILE:146"", ""A:ILE:167"", ""A:LEU:150"", ""A:LEU:161"", ""A:LEU:223"", ""A:LEU:233"", ""A:LEU:272"", ""A:MET:193"", ""A:PHE:164"", ""A:PHE:195"", ""A:PHE:236"", ""A:PRO:119"", ""A:THR:118"", ""A:THR:120"", ""A:TRP:189""], ""heavy_atoms"": 26, ""mean_b_factor"": 30.396964733417217, ""mean_occupancy"": 1.0, ""minimum_occupancy"": 1.0, ""protein_minimum_distance"": 2.6817140486822977, ""residue_number"": ""407""}]",INCLUDE,validation_quality_pass,1,single_target_record_fallback,A,407, , ,1,0.961,0.077,1.0,0.828,65.38,30.4,26.0,1.0000,1.22,1.9
56,CORE_70,957,9Q8D,2026-03-11,CRYSTAL STRUCTURE OF HUMAN MONOGLYCERIDE LIPASE WITH LIGAND,1.54,0.2185,1,1,A,,A1I4L;EDO;HOH,1,A1I4L,A1I4L,"(4~{a}~{R},8~{a}~{S})-6-[[6-[[2,4-bis(fluoranyl)phenyl]methyl]-2-azaspiro[3.3]heptan-2-yl]carbonyl]-4,4~{a},5,7,8,8~{a}-hexahydropyrido[4,3-b][1,4]oxazin-3-one",C21 H25 F2 N3 O3,405.438,29,,,,EDO;HOH,INCLUDE,,UNIPROT:Q99685,SELECT,,1,INCLUDE,clean_coordinate_environment,,A,401,1,29,1.0000,1.0000,36.093,,2.718,28,1,A,A:ALA:151;A:ALA:156;A:ALA:51;A:ARG:57;A:ASN:152;A:CYS:242;A:GLU:53;A:GLY:124;A:GLY:210;A:GLY:50;A:HIS:121;A:HIS:269;A:HIS:272;A:ILE:179;A:LEU:148;A:LEU:184;A:LEU:205;A:LEU:213;A:LEU:214;A:LEU:241;A:LYS:273;A:MET:123;A:PHE:159;A:SER:122;A:SER:155;A:TYR:194;A:VAL:217;A:VAL:270,{},{},"[{""altlocs"": [], ""chain"": ""A"", ""component_distances"": {}, ""contact_chain_count"": 1, ""contact_chains"": [""A""], ""contact_residue_count"": 28, ""contact_residues"": [""A:ALA:151"", ""A:ALA:156"", ""A:ALA:51"", ""A:ARG:57"", ""A:ASN:152"", ""A:CYS:242"", ""A:GLU:53"", ""A:GLY:124"", ""A:GLY:210"", ""A:GLY:50"", ""A:HIS:121"", ""A:HIS:269"", ""A:HIS:272"", ""A:ILE:179"", ""A:LEU:148"", ""A:LEU:184"", ""A:LEU:205"", ""A:LEU:213"", ""A:LEU:214"", ""A:LEU:241"", ""A:LYS:273"", ""A:MET:123"", ""A:PHE:159"", ""A:SER:122"", ""A:SER:155"", ""A:TYR:194"", ""A:VAL:217"", ""A:VAL:270""], ""heavy_atoms"": 29, ""mean_b_factor"": 36.09265610267376, ""mean_occupancy"": 1.0, ""minimum_occupancy"": 1.0, ""protein_minimum_distance"": 2.717945959102204, ""residue_number"": ""401""}]",INCLUDE,validation_quality_pass,1,single_target_record_fallback,A,401, , ,1,0.953,0.088,1.0,0.948,89.66,36.09,29.0,1.0000,0.2,5.84
57,CORE_70,960,9R1C,2026-03-11,Keap1 - inhibitor complex - 1,1.69,0.2017,1,1,A,,DMS;A1JB1;HOH,1,A1JB1,A1JB1,"2-[(4-methoxyphenyl)sulfonyl-[4-[(4-methoxyphenyl)sulfonyl-(1~{H}-1,2,3,4-tetrazol-5-ylmethyl)amino]naphthalen-1-yl]amino]ethanoic acid",C28 H26 N6 O8 S2,638.671,44,,,,DMS;HOH,INCLUDE,,UNIPROT:Q14145,SELECT,,1,INCLUDE,clean_coordinate_environment,,A,703,1,44,1.0000,1.0000,23.451,,2.579,20,1,A,A:ALA:556;A:ARG:380;A:ARG:415;A:ARG:483;A:ASN:414;A:GLY:364;A:GLY:462;A:GLY:477;A:GLY:509;A:GLY:603;A:ILE:461;A:PHE:478;A:PHE:577;A:SER:363;A:SER:508;A:SER:555;A:SER:602;A:TYR:334;A:TYR:525;A:TYR:572,{},{},"[{""altlocs"": [], ""chain"": ""A"", ""component_distances"": {}, ""contact_chain_count"": 1, ""contact_chains"": [""A""], ""contact_residue_count"": 20, ""contact_residues"": [""A:ALA:556"", ""A:ARG:380"", ""A:ARG:415"", ""A:ARG:483"", ""A:ASN:414"", ""A:GLY:364"", ""A:GLY:462"", ""A:GLY:477"", ""A:GLY:509"", ""A:GLY:603"", ""A:ILE:461"", ""A:PHE:478"", ""A:PHE:577"", ""A:SER:363"", ""A:SER:508"", ""A:SER:555"", ""A:SER:602"", ""A:TYR:334"", ""A:TYR:525"", ""A:TYR:572""], ""heavy_atoms"": 44, ""mean_b_factor"": 23.451136393980548, ""mean_occupancy"": 1.0, ""minimum_occupancy"": 1.0, ""protein_minimum_distance"": 2.578849743587245, ""residue_number"": ""703""}]",INCLUDE,validation_quality_pass,1,single_target_record_fallback,A,703, , ,1,0.965,0.075,1.0,0.83,81.82,23.45,44.0,1.0000,1.96,2.63
58,CORE_70,981,9GGS,2026-03-04,Human SMUG1,1.38,0.173,1,1,A,,BCN;PEG;HOH,1,BCN,BCN,BICINE,C6 H13 N O4,163.172,11,,,,PEG;HOH,INCLUDE,,UNIPROT:Q53HV7,SELECT,,2,INCLUDE,clean_coordinate_environment,,A,301,1,11,1.0000,1.0000,19.907,,2.871,7,1,A,A:ASN:39;A:GLU:35;A:GLU:59;A:GLU:63;A:LEU:36;A:TRP:62;A:VAL:58,{},{},"[{""altlocs"": [], ""chain"": ""A"", ""component_distances"": {}, ""contact_chain_count"": 1, ""contact_chains"": [""A""], ""contact_residue_count"": 7, ""contact_residues"": [""A:ASN:39"", ""A:GLU:35"", ""A:GLU:59"", ""A:GLU:63"", ""A:LEU:36"", ""A:TRP:62"", ""A:VAL:58""], ""heavy_atoms"": 11, ""mean_b_factor"": 19.907181653109465, ""mean_occupancy"": 1.0, ""minimum_occupancy"": 1.0, ""protein_minimum_distance"": 2.870681800548434, ""residue_number"": ""301""}]",INCLUDE,validation_quality_pass,1,single_target_record_fallback,A,301, , ,1,0.951,0.069,1.0,0.917,81.82,18.25,23.0,2.0909,1.0,1.02
59,CORE_70,991,9LZX,2026-03-04,Crystal structure of the OTU domain of OTULIN in complex with 11B6,2.0,0.2514,1,1,A,,A1EMF;HOH,1,A1EMF,A1EMF,"3-phenyl-5-prop-2-enylsulfanyl-4~{H}-1,2,4-triazole",C11 H11 N3 S,217.29,15,,,,HOH,INCLUDE,,UNIPROT:Q96BN8,SELECT,,1,INCLUDE,clean_coordinate_environment,,A,401,1,15,1.0000,1.0000,11.895,,3.056,7,1,A,A:ASN:311;A:GLU:112;A:GLU:313;A:ILE:316;A:PHE:315;A:THR:312;A:TYR:310,{},{},"[{""altlocs"": [], ""chain"": ""A"", ""component_distances"": {}, ""contact_chain_count"": 1, ""contact_chains"": [""A""], ""contact_residue_count"": 7, ""contact_residues"": [""A:ASN:311"", ""A:GLU:112"", ""A:GLU:313"", ""A:ILE:316"", ""A:PHE:315"", ""A:THR:312"", ""A:TYR:310""], ""heavy_atoms"": 15, ""mean_b_factor"": 11.894666798909505, ""mean_occupancy"": 1.0, ""minimum_occupancy"": 1.0, ""protein_minimum_distance"": 3.056288762535373, ""residue_number"": ""401""}]",INCLUDE,validation_quality_pass,1,single_target_record_fallback,A,401, , ,1,0.947,0.081,1.0,0.823,66.67,11.89,15.0,1.0000,0.5,2.13
60,CORE_70,1019,9N3L,2026-02-25,"Co-crystal structure of PCNA bound to HSP90alpha inhibitor, SNX2112",1.9,0.2331,1,1,A,,E0G;CL;SO4;HOH,1,E0G,E0G,"4-[6,6-dimethyl-4-oxidanylidene-3-(trifluoromethyl)-5,7-dihydroindazol-1-yl]-2-[(4-oxidanylcyclohexyl)amino]benzamide",C23 H27 F3 N4 O3,464.481,33,,,,CL;SO4;HOH,INCLUDE,,UNIPROT:P12004,SELECT,,1,INCLUDE,clean_coordinate_environment,,A,301,1,33,1.0000,1.0000,33.982,,2.815,17,1,A,A:ALA:252;A:GLN:131;A:GLN:38;A:GLY:127;A:HIS:44;A:ILE:128;A:LEU:126;A:LEU:251;A:LEU:47;A:MET:40;A:PRO:129;A:PRO:234;A:SER:46;A:TYR:133;A:TYR:250;A:VAL:233;A:VAL:45,{},{},"[{""altlocs"": [], ""chain"": ""A"", ""component_distances"": {}, ""contact_chain_count"": 1, ""contact_chains"": [""A""], ""contact_residue_count"": 17, ""contact_residues"": [""A:ALA:252"", ""A:GLN:131"", ""A:GLN:38"", ""A:GLY:127"", ""A:HIS:44"", ""A:ILE:128"", ""A:LEU:126"", ""A:LEU:251"", ""A:LEU:47"", ""A:MET:40"", ""A:PRO:129"", ""A:PRO:234"", ""A:SER:46"", ""A:TYR:133"", ""A:TYR:250"", ""A:VAL:233"", ""A:VAL:45""], ""heavy_atoms"": 33, ""mean_b_factor"": 33.981818401452266, ""mean_occupancy"": 1.0, ""minimum_occupancy"": 1.0, ""protein_minimum_distance"": 2.8154921417045373, ""residue_number"": ""301""}]",INCLUDE,validation_quality_pass,1,single_target_record_fallback,A,301, , ,1,0.95,0.086,1.0,0.981,100.0,33.98,33.0,1.0000,0.85,1.93
61,CORE_70,1041,9I9G,2026-02-18,Crystal structure of human eIF4A1 C-terminal domain in complex with hippuristanol,1.7,0.1896,1,1,A,,A1I1L;HOH,1,A1I1L,A1I1L,Hippuristanol,C28 H46 O5,462.662,33,,,,HOH,INCLUDE,,UNIPROT:P60842,SELECT,,1,INCLUDE,clean_coordinate_environment,,A,501,1,33,1.0000,1.0000,8.069,,2.767,29,1,A,A:ALA:333;A:ALA:372;A:ARG:319;A:ARG:334;A:ARG:359;A:ARG:362;A:ARG:368;A:ASP:337;A:GLY:335;A:GLY:361;A:GLY:370;A:ILE:246;A:ILE:336;A:ILE:360;A:LEU:326;A:LEU:331;A:LEU:343;A:LYS:369;A:MET:302;A:MET:315;A:PHE:278;A:PHE:318;A:PHE:366;A:SER:342;A:VAL:276;A:VAL:338;A:VAL:341;A:VAL:344;A:VAL:371,{},{},"[{""altlocs"": [], ""chain"": ""A"", ""component_distances"": {}, ""contact_chain_count"": 1, ""contact_chains"": [""A""], ""contact_residue_count"": 29, ""contact_residues"": [""A:ALA:333"", ""A:ALA:372"", ""A:ARG:319"", ""A:ARG:334"", ""A:ARG:359"", ""A:ARG:362"", ""A:ARG:368"", ""A:ASP:337"", ""A:GLY:335"", ""A:GLY:361"", ""A:GLY:370"", ""A:ILE:246"", ""A:ILE:336"", ""A:ILE:360"", ""A:LEU:326"", ""A:LEU:331"", ""A:LEU:343"", ""A:LYS:369"", ""A:MET:302"", ""A:MET:315"", ""A:PHE:278"", ""A:PHE:318"", ""A:PHE:366"", ""A:SER:342"", ""A:VAL:276"", ""A:VAL:338"", ""A:VAL:341"", ""A:VAL:344"", ""A:VAL:371""], ""heavy_atoms"": 33, ""mean_b_factor"": 8.0689697265625, ""mean_occupancy"": 1.0, ""minimum_occupancy"": 1.0, ""protein_minimum_distance"": 2.7672403220537287, ""residue_number"": ""501""}]",INCLUDE,validation_quality_pass,1,single_target_record_fallback,A,501, , ,1,0.964,0.045,1.0,0.908,87.88,8.07,33.0,1.0000,1.68,1.28
62,CORE_70,1050,9R6I,2026-02-18,Crystal structure of PPARgamma in complex with the bisphenol derivative BPS4BE,1.7,0.2288,1,1,A,,A1JDE;GOL;HOH,1,A1JDE,A1JDE,4-(4-phenylmethoxyphenyl)sulfonylphenol,C19 H16 O4 S,340.393,24,,,,GOL;HOH,INCLUDE,,UNIPROT:P37231,SELECT,,1,INCLUDE,clean_coordinate_environment,,A,501,1,24,1.0000,1.0000,36.095,,2.337,21,1,A,A:ARG:280;A:ARG:288;A:CYS:285;A:GLU:259;A:GLY:284;A:HIS:449;A:ILE:249;A:ILE:281;A:ILE:326;A:ILE:341;A:LEU:255;A:LEU:330;A:LEU:340;A:LYS:367;A:MET:348;A:MET:364;A:PHE:264;A:PHE:363;A:SER:289;A:TYR:327;A:VAL:339,{},{},"[{""altlocs"": [], ""chain"": ""A"", ""component_distances"": {}, ""contact_chain_count"": 1, ""contact_chains"": [""A""], ""contact_residue_count"": 21, ""contact_residues"": [""A:ARG:280"", ""A:ARG:288"", ""A:CYS:285"", ""A:GLU:259"", ""A:GLY:284"", ""A:HIS:449"", ""A:ILE:249"", ""A:ILE:281"", ""A:ILE:326"", ""A:ILE:341"", ""A:LEU:255"", ""A:LEU:330"", ""A:LEU:340"", ""A:LYS:367"", ""A:MET:348"", ""A:MET:364"", ""A:PHE:264"", ""A:PHE:363"", ""A:SER:289"", ""A:TYR:327"", ""A:VAL:339""], ""heavy_atoms"": 24, ""mean_b_factor"": 36.09500034650167, ""mean_occupancy"": 1.0, ""minimum_occupancy"": 1.0, ""protein_minimum_distance"": 2.336711479430013, ""residue_number"": ""501""}]",INCLUDE,validation_quality_pass,1,single_target_record_fallback,A,501, , ,1,0.944,0.084,1.0,0.849,70.83,36.09,24.0,1.0000,0.18,0.41
63,CORE_70,1059,9T08,2026-02-18,Crystal structure of wild-type c-MET bound by sitravatinib.,1.462,0.2425,1,1,A,,A1JSO;HOH,1,A1JSO,A1JSO,Sitravatinib,C33 H29 F2 N5 O4 S,629.676,45,,,,HOH,INCLUDE,,UNIPROT:P08581,SELECT,,1,INCLUDE,clean_coordinate_environment,,A,1401,1,45,1.0000,1.0000,25.042,,2.791,28,1,A,A:ALA:1108;A:ALA:1221;A:ALA:1226;A:ASP:1222;A:GLU:1127;A:GLY:1128;A:GLY:1163;A:GLY:1224;A:HIS:1162;A:HIS:1202;A:ILE:1084;A:LEU:1140;A:LEU:1157;A:LEU:1195;A:LYS:1110;A:LYS:1161;A:MET:1131;A:MET:1160;A:MET:1211;A:PHE:1134;A:PHE:1200;A:PHE:1223;A:PRO:1158;A:TYR:1159;A:VAL:1092;A:VAL:1139;A:VAL:1155;A:VAL:1220,{},{},"[{""altlocs"": [], ""chain"": ""A"", ""component_distances"": {}, ""contact_chain_count"": 1, ""contact_chains"": [""A""], ""contact_residue_count"": 28, ""contact_residues"": [""A:ALA:1108"", ""A:ALA:1221"", ""A:ALA:1226"", ""A:ASP:1222"", ""A:GLU:1127"", ""A:GLY:1128"", ""A:GLY:1163"", ""A:GLY:1224"", ""A:HIS:1162"", ""A:HIS:1202"", ""A:ILE:1084"", ""A:LEU:1140"", ""A:LEU:1157"", ""A:LEU:1195"", ""A:LYS:1110"", ""A:LYS:1161"", ""A:MET:1131"", ""A:MET:1160"", ""A:MET:1211"", ""A:PHE:1134"", ""A:PHE:1200"", ""A:PHE:1223"", ""A:PRO:1158"", ""A:TYR:1159"", ""A:VAL:1092"", ""A:VAL:1139"", ""A:VAL:1155"", ""A:VAL:1220""], ""heavy_atoms"": 45, ""mean_b_factor"": 25.0424446105957, ""mean_occupancy"": 1.0, ""minimum_occupancy"": 1.0, ""protein_minimum_distance"": 2.791148509126664, ""residue_number"": ""1401""}]",INCLUDE,validation_quality_pass,1,single_target_record_fallback,A,1401, , ,1,0.919,0.091,1.0,0.544,80.0,25.04,45.0,1.0000,0.41,0.65
64,CORE_70,1061,9T0D,2026-02-18,Crystal structure of wild-type c-MET bound by glesatinib,1.196,0.2213,1,1,A,,A1JSR;HOH,1,A1JSR,A1JSR,Glesatinib,C31 H27 F2 N5 O3 S2,619.705,43,,,,HOH,INCLUDE,,UNIPROT:P08581,SELECT,,2,INCLUDE,clean_coordinate_environment,,A,1401,1,43,1.0000,1.0000,13.186,,2.774,29,1,A,A:ALA:1108;A:ALA:1221;A:ASP:1164;A:ASP:1222;A:GLU:1127;A:GLY:1128;A:GLY:1163;A:HIS:1162;A:HIS:1202;A:ILE:1084;A:ILE:1130;A:LEU:1140;A:LEU:1157;A:LEU:1195;A:LYS:1110;A:LYS:1161;A:MET:1131;A:MET:1160;A:MET:1211;A:PHE:1134;A:PHE:1200;A:PHE:1223;A:PRO:1158;A:TYR:1159;A:VAL:1092;A:VAL:1109;A:VAL:1139;A:VAL:1155;A:VAL:1220,{},{},"[{""altlocs"": [], ""chain"": ""A"", ""component_distances"": {}, ""contact_chain_count"": 1, ""contact_chains"": [""A""], ""contact_residue_count"": 29, ""contact_residues"": [""A:ALA:1108"", ""A:ALA:1221"", ""A:ASP:1164"", ""A:ASP:1222"", ""A:GLU:1127"", ""A:GLY:1128"", ""A:GLY:1163"", ""A:HIS:1162"", ""A:HIS:1202"", ""A:ILE:1084"", ""A:ILE:1130"", ""A:LEU:1140"", ""A:LEU:1157"", ""A:LEU:1195"", ""A:LYS:1110"", ""A:LYS:1161"", ""A:MET:1131"", ""A:MET:1160"", ""A:MET:1211"", ""A:PHE:1134"", ""A:PHE:1200"", ""A:PHE:1223"", ""A:PRO:1158"", ""A:TYR:1159"", ""A:VAL:1092"", ""A:VAL:1109"", ""A:VAL:1139"", ""A:VAL:1155"", ""A:VAL:1220""], ""heavy_atoms"": 43, ""mean_b_factor"": 13.185581362524697, ""mean_occupancy"": 1.0, ""minimum_occupancy"": 1.0, ""protein_minimum_distance"": 2.7742236751927547, ""residue_number"": ""1401""}]",INCLUDE,validation_quality_pass,1,single_target_record_fallback,A,1401, , ,1,0.98,0.061,1.0,0.563,88.37,13.19,43.0,1.0000,0.33,0.66
65,CORE_70,1125,9SD7,2026-02-11,Crystal structure of C-terminally truncated human PGGHG in complex with glucose,1.39,0.17997,1,1,A,,CL;GOL;BGC;HOH,1,BGC,BGC,beta-D-glucopyranose,C6 H12 O6,180.156,12,,,,CL;GOL;HOH,INCLUDE,,UNIPROT:Q32M88,SELECT,,1,INCLUDE,clean_coordinate_environment,,A,704,1,12,1.0000,1.0000,17.582,,2.489,12,1,A,A:CYS:358;A:GLU:349;A:GLU:360;A:GLU:367;A:GLU:430;A:LYS:498;A:PHE:299;A:PRO:359;A:TRP:295;A:TRP:348;A:TYR:294;A:TYR:363,{},{},"[{""altlocs"": [], ""chain"": ""A"", ""component_distances"": {}, ""contact_chain_count"": 1, ""contact_chains"": [""A""], ""contact_residue_count"": 12, ""contact_residues"": [""A:CYS:358"", ""A:GLU:349"", ""A:GLU:360"", ""A:GLU:367"", ""A:GLU:430"", ""A:LYS:498"", ""A:PHE:299"", ""A:PRO:359"", ""A:TRP:295"", ""A:TRP:348"", ""A:TYR:294"", ""A:TYR:363""], ""heavy_atoms"": 12, ""mean_b_factor"": 17.581666707992554, ""mean_occupancy"": 1.0, ""minimum_occupancy"": 1.0, ""protein_minimum_distance"": 2.4885837337730834, ""residue_number"": ""704""}]",INCLUDE,validation_quality_pass,1,single_target_record_fallback,A,704, , ,1,0.969,0.052,1.0,1.019,100.0,17.58,12.0,1.0000,0.81,0.93
66,CORE_70,1174,9NGP,2026-01-28,EGFR wildtype in complex with BI-4732,2.4,0.2378,1,1,A,,A1BX7;HOH,1,A1BX7,A1BX7,"(6M)-1-{2-[(5S,8aR)-hexahydropyrrolo[1,2-a]pyrazin-2(1H)-yl]-1-methyl-4-[(1R,4R)-2-oxa-5-azabicyclo[2.2.1]heptan-5-yl]-1H-imidazo[4,5-c]pyridin-6-yl}-6-(4-methoxypyridin-3-yl)-4-methyl-1H-pyrazolo[4,3-c]pyridine",C32 H36 N10 O2,592.694,44,,,,HOH,INCLUDE,,UNIPROT:P00533,SELECT,,2,INCLUDE,clean_coordinate_environment,,A,1101,1,44,0.9710,0.9710,48.664,,3.007,22,1,A,A:ALA:743;A:ARG:841;A:ASN:842;A:ASP:855;A:CYS:775;A:CYS:797;A:GLN:791;A:GLU:762;A:GLY:719;A:GLY:796;A:LEU:718;A:LEU:792;A:LEU:844;A:LYS:745;A:MET:766;A:MET:793;A:PHE:723;A:PHE:795;A:PRO:794;A:THR:790;A:THR:854;A:VAL:726,{},{},"[{""altlocs"": [], ""chain"": ""A"", ""component_distances"": {}, ""contact_chain_count"": 1, ""contact_chains"": [""A""], ""contact_residue_count"": 22, ""contact_residues"": [""A:ALA:743"", ""A:ARG:841"", ""A:ASN:842"", ""A:ASP:855"", ""A:CYS:775"", ""A:CYS:797"", ""A:GLN:791"", ""A:GLU:762"", ""A:GLY:719"", ""A:GLY:796"", ""A:LEU:718"", ""A:LEU:792"", ""A:LEU:844"", ""A:LYS:745"", ""A:MET:766"", ""A:MET:793"", ""A:PHE:723"", ""A:PHE:795"", ""A:PRO:794"", ""A:THR:790"", ""A:THR:854"", ""A:VAL:726""], ""heavy_atoms"": 44, ""mean_b_factor"": 48.66399960084395, ""mean_occupancy"": 0.9710000157356262, ""minimum_occupancy"": 0.9710000157356262, ""protein_minimum_distance"": 3.007036747364421, ""residue_number"": ""1101""}]",INCLUDE,validation_quality_pass,1,single_target_record_fallback,A,1101, , ,1,0.94,0.108,0.97,0.442,36.36,47.25,44.0,1.0000,3.76,3.05
67,CORE_70,1313,9QB9,2026-01-21,"CK2, catalytic subunit alpha' (CSNK2A2 gene product) in complex with a heparin-derived trisaccharide and the ATP-competitive inhibitor 4w",1.19,0.1748,1,1,A,,A1I5N;CL;HOH,1,A1I5N,A1I5N,"1,3-bis(bromanyl)-5-propan-2-yl-7,8-dihydro-6~{H}-indeno[1,2-b]indole-9,10-dione",C18 H15 Br2 N O2,437.125,23,IDS;SGN,,,CL;HOH,INCLUDE,,UNIPROT:P19784,SELECT,,1,INCLUDE,clean_coordinate_environment,,A,401,1,23,1.0000,1.0000,52.542,,2.721,17,1,A,A:ARG:48;A:ASN:119;A:ASP:176;A:GLU:115;A:GLY:47;A:GLY:49;A:HIS:161;A:ILE:117;A:ILE:175;A:ILE:96;A:LEU:46;A:LYS:69;A:MET:164;A:PHE:114;A:SER:52;A:VAL:54;A:VAL:67,{},{},"[{""altlocs"": [], ""chain"": ""A"", ""component_distances"": {}, ""contact_chain_count"": 1, ""contact_chains"": [""A""], ""contact_residue_count"": 17, ""contact_residues"": [""A:ARG:48"", ""A:ASN:119"", ""A:ASP:176"", ""A:GLU:115"", ""A:GLY:47"", ""A:GLY:49"", ""A:HIS:161"", ""A:ILE:117"", ""A:ILE:175"", ""A:ILE:96"", ""A:LEU:46"", ""A:LYS:69"", ""A:MET:164"", ""A:PHE:114"", ""A:SER:52"", ""A:VAL:54"", ""A:VAL:67""], ""heavy_atoms"": 23, ""mean_b_factor"": 52.5423701742421, ""mean_occupancy"": 1.0, ""minimum_occupancy"": 1.0, ""protein_minimum_distance"": 2.72056541138051, ""residue_number"": ""401""}]",INCLUDE,validation_quality_pass,1,single_target_record_fallback,A,401, , ,1,0.891,0.158,1.0,0.824,56.52,51.6,38.0,1.6522,1.8,1.85
68,CORE_70,1323,7I7Y,2026-01-14,Crystal Structure of 30 bound to CK2a,1.15,0.218,1,1,A,,ACT;A1BZS;HOH,1,A1BZS,A1BZS,"5-({2-[(4-{[(2-chloro[1,1'-biphenyl]-4-yl)methyl]amino}butyl)amino]ethyl}amino)benzo[c][2,6]naphthyridine-8-carboxamide",C32 H33 Cl N6 O,553.097,40,,,,ACT;HOH,INCLUDE,,UNIPROT:P68400,SELECT,,1,INCLUDE,clean_coordinate_environment,,A,402,1,40,1.0000,1.0000,20.955,,2.502,32,1,A,A:ASN:118;A:ASN:161;A:ASP:120;A:ASP:175;A:GLU:114;A:GLU:81;A:HIS:115;A:HIS:160;A:ILE:133;A:ILE:140;A:ILE:164;A:ILE:174;A:ILE:95;A:LEU:124;A:LEU:128;A:LEU:222;A:LEU:45;A:LYS:68;A:MET:137;A:MET:163;A:MET:221;A:MET:225;A:PHE:113;A:PHE:121;A:PRO:159;A:TRP:176;A:TYR:125;A:TYR:136;A:VAL:116;A:VAL:162;A:VAL:53;A:VAL:66,{},{},"[{""altlocs"": [], ""chain"": ""A"", ""component_distances"": {}, ""contact_chain_count"": 1, ""contact_chains"": [""A""], ""contact_residue_count"": 32, ""contact_residues"": [""A:ASN:118"", ""A:ASN:161"", ""A:ASP:120"", ""A:ASP:175"", ""A:GLU:114"", ""A:GLU:81"", ""A:HIS:115"", ""A:HIS:160"", ""A:ILE:133"", ""A:ILE:140"", ""A:ILE:164"", ""A:ILE:174"", ""A:ILE:95"", ""A:LEU:124"", ""A:LEU:128"", ""A:LEU:222"", ""A:LEU:45"", ""A:LYS:68"", ""A:MET:137"", ""A:MET:163"", ""A:MET:221"", ""A:MET:225"", ""A:PHE:113"", ""A:PHE:121"", ""A:PRO:159"", ""A:TRP:176"", ""A:TYR:125"", ""A:TYR:136"", ""A:VAL:116"", ""A:VAL:162"", ""A:VAL:53"", ""A:VAL:66""], ""heavy_atoms"": 40, ""mean_b_factor"": 20.955000114440917, ""mean_occupancy"": 1.0, ""minimum_occupancy"": 1.0, ""protein_minimum_distance"": 2.502109709824891, ""residue_number"": ""402""}]",INCLUDE,validation_quality_pass,1,single_target_record_fallback,A,402, , ,1,0.913,0.116,1.0,0.374,65.0,20.95,40.0,1.0000,0.86,0.57
69,CORE_70,1416,9EHA,2026-01-07,Crystal structure of N-SH2 domain of SHP2 bound to phosphotyrosine,1.71,0.2461,1,1,A,,PTR;SO4;HOH,1,PTR,PTR,O-PHOSPHOTYROSINE,C9 H12 N O6 P,261.168,17,,,,SO4;HOH,INCLUDE,,UNIPROT:Q06124,SELECT,,1,INCLUDE,clean_coordinate_environment,,A,201,1,17,0.9760,0.9760,66.157,,2.612,10,1,A,A:ARG:32;A:ASN:37;A:HIS:53;A:ILE:54;A:LYS:35;A:LYS:55;A:PRO:33;A:SER:34;A:SER:36;A:THR:42,{},{},"[{""altlocs"": [], ""chain"": ""A"", ""component_distances"": {}, ""contact_chain_count"": 1, ""contact_chains"": [""A""], ""contact_residue_count"": 10, ""contact_residues"": [""A:ARG:32"", ""A:ASN:37"", ""A:HIS:53"", ""A:ILE:54"", ""A:LYS:35"", ""A:LYS:55"", ""A:PRO:33"", ""A:SER:34"", ""A:SER:36"", ""A:THR:42""], ""heavy_atoms"": 17, ""mean_b_factor"": 66.1572415968951, ""mean_occupancy"": 0.9760000109672546, ""minimum_occupancy"": 0.9760000109672546, ""protein_minimum_distance"": 2.6120061694796965, ""residue_number"": ""201""}]",INCLUDE,validation_quality_pass,1,single_target_record_fallback,A,201, , ,1,0.903,0.155,0.98,0.07,31.25,72.57,26.0,1.5294,2.41,1.19
70,CORE_70,1444,8ZNN,2025-12-24,X-ray structure of human PPAR delta ligand binding domain in complex with a synthetic agonist 16a,1.95,0.227,1,1,A,,A1D86;HOH,1,A1D86,A1D86,6-[2-[[2-[4-(trifluoromethyloxy)phenyl]benzimidazol-1-yl]methyl]phenoxy]hexanoic acid,C27 H25 F3 N2 O4,498.494,36,,,,HOH,INCLUDE,,UNIPROT:Q03181,SELECT,,1,INCLUDE,clean_coordinate_environment,,A,501,1,36,0.9100,0.9100,15.230,,2.599,30,1,A,A:ARG:248;A:CYS:249;A:GLN:250;A:HIS:287;A:HIS:413;A:ILE:213;A:ILE:290;A:ILE:297;A:ILE:327;A:ILE:328;A:LEU:219;A:LEU:294;A:LEU:303;A:LEU:304;A:LEU:317;A:LEU:433;A:LYS:331;A:MET:417;A:PHE:246;A:PHE:291;A:PHE:316;A:PHE:332;A:THR:252;A:THR:253;A:THR:256;A:TRP:228;A:TYR:437;A:VAL:245;A:VAL:305;A:VAL:312,{},{},"[{""altlocs"": [], ""chain"": ""A"", ""component_distances"": {}, ""contact_chain_count"": 1, ""contact_chains"": [""A""], ""contact_residue_count"": 30, ""contact_residues"": [""A:ARG:248"", ""A:CYS:249"", ""A:GLN:250"", ""A:HIS:287"", ""A:HIS:413"", ""A:ILE:213"", ""A:ILE:290"", ""A:ILE:297"", ""A:ILE:327"", ""A:ILE:328"", ""A:LEU:219"", ""A:LEU:294"", ""A:LEU:303"", ""A:LEU:304"", ""A:LEU:317"", ""A:LEU:433"", ""A:LYS:331"", ""A:MET:417"", ""A:PHE:246"", ""A:PHE:291"", ""A:PHE:316"", ""A:PHE:332"", ""A:THR:252"", ""A:THR:253"", ""A:THR:256"", ""A:TRP:228"", ""A:TYR:437"", ""A:VAL:245"", ""A:VAL:305"", ""A:VAL:312""], ""heavy_atoms"": 36, ""mean_b_factor"": 15.229722287919786, ""mean_occupancy"": 0.9100000262260437, ""minimum_occupancy"": 0.9100000262260437, ""protein_minimum_distance"": 2.598629254049142, ""residue_number"": ""501""}]",INCLUDE,validation_quality_pass,1,single_target_record_fallback,A,501, , ,1,0.955,0.058,0.91,0.786,50.0,14.36,60.0,1.6667,0.49,0.71
